titulo,maisTocada,letra,tamanho,polaridade,subjetividade,sentimento,keywords
A Palo Seco,1,"Se você vier me perguntar por onde andei No tempo em que você sonhava De olhos abertos, lhe direi Amigo, eu me desesperava  Sei que assim falando pensas Que esse desespero é moda em 76 Mas ando mesmo descontente Desesperadamente, eu grito em português Mas ando mesmo descontente Desesperadamente, eu grito em português Tenho vinte e cinco anos De sonho e de sangue E de América do Sul Por força deste destino Um tango argentino  Me vai bem melhor que um blues Sei que assim falando pensas Que esse desespero é moda em 76 E eu quero é que esse canto torto Feito faca, corte a carne de vocês E eu quero é que esse canto torto Feito faca, corte a carne de vocês Tenho vinte e cinco anos De sonho e de sangue E de América do Sul Por força deste destino Um tango argentino  Me vai bem melhor que um blues Sei que assim falando, pensas Que esse desespero é moda em 76 E eu quero é que esse canto torto Feito faca, corte a carne de vocês E eu quero é que esse canto torto Feito faca, corte a carne de vocês ",1000,-0.054545454545454564,0.4636363636363635,Neutro,"quero, canto, torto, "
Aguapé,0,"Capineiro de meu pai Não me cortes meus cabelos Minha mãe me penteou Minha madrasta me enterrou Pelo figo da figueira Que o passarim beliscou  Companheiro que passas pela estrada Seguindo pelo rumo do sertão Quando vires a cruz (a casa) abandonada Deixa-a em paz dormir na solidão Que vale o ramo do alecrim cheiroso Que lhe atiras nos braços (no seio) ao passar? Vais espantar o bando buliçoso Das borboletas, (mariposas) que lá vão pousar Esta casa não tem lá fora A casa não tem lá dentro Três cadeiras de madeira Uma sala, a mesa ao centro Rio aberto, barco solto Pau-d'arco florindo à porta Sob o qual, ainda há pouco Eu enterrei a filha morta Sob o qual, ainda há pouco Eu enterrei a filha morta Aqui os mortos são bons Pois não atrapalham nada Não comem o pão dos vivos Nem ocupam lugar na estrada Pois não comem o pão dos vivos Nem ocupam lugar na estrada Nada, nada A velha sentada, o ruido da renda A menina sentada roendo a merenda A velha sentada, o ruido da renda A menina sentada roendo a merenda Nada, nada Nada, nada, nada, nada Aqui não acontece nada, não Nada Nada, nada Nada, absolutamente nada E o aguapé, lá na lagoa Sobre a água nada E deixa a borda da canoa Perfumada É a chaminé à toa De uma fábrica, montada Sob a água, que fabrica Este ar puro da alvorada-da-da-da Nada, nada Nada, nada, nada, nada Aqui não acontece nada, não Nada, nada Nada, absolutamente nada ",1389,0.03234486102133161,0.3540723981900453,Neutro,"nada, sentada, estrada, "
Alucinação,1,"Eu não estou interessado Em nenhuma teoria Em nenhuma fantasia Nem no algo mais Nem em tinta pro meu rosto Ou oba oba, ou melodia Para acompanhar bocejos Sonhos matinais  Eu não estou interessado Em nenhuma teoria Nem nessas coisas do oriente Romances astrais A minha alucinação É suportar o dia-a-dia E meu delírio É a experiência Com coisas reais Um preto, um pobre Uma estudante Uma mulher sozinha Blue jeans e motocicletas Pessoas cinzas normais Garotas dentro da noite Revólver: cheira cachorro Os humilhados do parque Com os seus jornais Carneiros, mesa, trabalho Meu corpo que cai do oitavo andar E a solidão das pessoas Dessas capitais A violência da noite O movimento do tráfego Um rapaz delicado e alegre Que canta e requebra É demais! Cravos, espinhas no rosto Rock, Hot Dog Play it cool, baby Doze Jovens Coloridos Dois Policiais Cumprindo o seu duro dever E defendendo o seu amor E nossa vida Cumprindo o seu duro dever E defendendo o seu amor E nossa vida Mas eu não estou interessado Em nenhuma teoria Em nenhuma fantasia Nem no algo mais Longe o profeta do terror Que a laranja mecânica anuncia Amar e mudar as coisas Me interessa mais Amar e mudar as coisas Amar e mudar as coisas Me interessa mais Um preto, um pobre Uma estudante Uma mulher sozinha Blue jeans e motocicletas Pessoas cinzas normais Garotas dentro da noite Revólver: cheira cachorro Os humilhados do parque Com os seus jornais Carneiros, mesa, trabalho Meu corpo que cai do oitavo andar E a solidão das pessoas Dessas capitais A violência da noite O movimento do tráfego Um rapaz delicado e alegre Que canta e requebra É demais! Cravos, espinhas no rosto Rock, Hot Dog Play it cool, baby Doze Jovens Coloridos Dois Policiais Cumprindo o seu duro dever E defendendo o seu amor E nossa vida Cumprindo o seu duro dever E defendendo o seu amor E nossa vida Mas eu não estou interessado Em nenhuma teoria Em nenhuma fantasia Nem no algo mais Longe o profeta do terror Que a laranja mecânica anuncia Amar e mudar as coisas Me interessa mais Amar e mudar as coisas Amar e mudar as coisas Me interessa mais ",2083,0.19489795918367345,0.6006802721088436,Neutro,"coisas, nenhuma, amar, "
Amor de Perdição,0,"Entrar, ficar em ti Tem sido o meu melhor perigo Primeiro o meu viver Segundo este vil cantar de amigo Depois não pressenti sequer O que no pré em meio após Quer de si Quer de mim Quer de deus uma mulher Ama e faz o que quiseres Tu me falaste eu repeti Meu sim Nosso amor se perdeu Entre tantos quereres E hoje já era o que era Para não ter fim Nosso amor se perdeu Entre tantos quereres E hoje já era o que era Para não ter fim Odeio a tua paz Rejeito o teu perdão Pois qualquer sofrimento Passa mas o ter sofrido não O amor que diz talvez Não é gozado nem paz Deixa sempre a desejar Deixa no ar atrás Casos descasos Desastres da paixão Oh real ilusão O bem e o mal em vão Casos descasos Desastres da paixão Oh real ilusão Amor de perdição Odeio a tua paz Rejeito o teu perdão Pois qualquer sofrimento Passa mas o ter sofrido não O amor que diz talvez Não é gozado nem paz Deixa sempre a desejar Deixa no ar atrás Casos descasos Desastres da paixão Oh real ilusão O bem e o mal em vão Casos descasos Desastres da paixão Oh real ilusão Amor de perdição  ",1054,0.15621212121212125,0.5144444444444445,Neutro,"amor, paz, deixa, "
Amor e Crime,0,"Amor, não há amor Existem só provas de amor Mas, no amor, provas não bastam  Tudo mentira Tudo cinema Apenas cenas Quando, em ledo engano-me, acenas Regressando em algum trem Ah! Essa historia de amor Porque uns barcos se afastam E mil sereias cantam sem pudor Oh! Que trágico destino! Preferi-ser o assassino Ao amante leal E que os bandidos são úteis E nós, os amantes, fúteis Vulgaridade do mal Amar agora e crime Só a paixão nos redime Da obsessão do sublime Do ideal Tudo romance, tudo poema, apenas cenas Fazer mal do amor E a glória? E o sofrer, da paz? A quem? Ah! Essa historia de dor Buscar o amor sem vitória Voltar feliz, sem memória Ao paraíso terreal ",665,0.15694444444444444,0.6619047619047619,Neutro,"amor, tudo, provas, "
Apenas Um Rapaz Latino Americano,1,"Eu sou apenas um rapaz latino-americano Sem dinheiro no banco Sem parentes importantes E vindo do interior  Mas trago de cabeça uma canção do rádio Em que um antigo compositor baiano me dizia Tudo é divino, tudo é maravilhoso Mas trago de cabeça uma canção do rádio Em que um antigo compositor baiano me dizia Tudo é divino, tudo é maravilhoso Tenho ouvido muitos discos Conversado com pessoas Caminhado meu caminho Papo, som, dentro da noite E não tenho um amigo sequer Que 'inda acredite nisso não Tudo muda! E com toda razão Eu sou apenas um rapaz latino-americano Sem dinheiro no banco Sem parentes importantes E vindo do interior Mas sei que tudo é proibido Aliás, eu queria dizer que tudo é permitido Até beijar você no escuro do cinema Quando ninguém nos vê Mas sei que tudo é proibido Aliás, eu queria dizer que tudo é permitido Até beijar você no escuro do cinema Quando ninguém nos vê Não me peça que eu lhe faça uma canção como se deve Correta, branca, suave, muito limpa, muito leve Sons, palavras, são navalhas E eu não posso cantar como convém Sem querer ferir ninguém Mas não se preocupe, meu amigo Com os horrores que eu lhe digo Isto é somente uma canção A vida realmente é diferente Quer dizer, ao vivo é muito pior E eu sou apenas um rapaz latino-americano Sem dinheiro no banco Por favor, não saque a arma no saloon Eu sou apenas o cantor Mas se depois de cantar Você ainda quiser me atirar Mate-me logo, à tarde, às três Que à noite eu tenho um compromisso e não posso faltar Por causa de vocês Mas se depois de cantar Você ainda quiser me atirar Mate-me logo, à tarde, às três Que à noite eu tenho um compromisso e não posso faltar Por causa de vocês Eu sou apenas um rapaz latino-americano Sem dinheiro no banco Sem parentes importantes E vindo do interior Mas sei que nada é divino Nada, nada é maravilhoso Nada, nada é secreto Nada, nada é misterioso, não Na na na na na na na na Na na na na ",1917,0.1425478687978688,0.572815934065934,Neutro,"tudo, nada, apenas, "
Arte Final,0,"Desculpe qualquer coisa, passe outro dia, Agora eu estou por fora, volto logo, Não perturbe, pra vocês eu não estou.  Sessão de nostalgia, isto é lá com minha tia, Isto é lá com minha tia! Alô, presente, estou chegando, Alô futuro, já vou! Alô, presente, estou chegando, Alô futuro, já vou! Ora, Ora! Até vocês que ouvi dizer, São gente quase honesta. Ora, ora! Até vocês os reis da festa, Ora, essa! Não confiam mais em mim! E me tratam como tratam mulher, preto, Todos entramos no gueto Quando a coisa entrou no ar. Mas pegue leve, não empurre, seja breve, Conheço o meu lugar! Mas pegue leve, não empurre, seja breve, Conheço o meu lugar! Dancei, sei que dancei, Dancei meu bem! Mas vem que ainda tem! Dancei, sei que dancei, Dancei meu bem! Mas vem que ainda tem! Dancei, sei que dancei, Dancei meu bem! Mas vem que ainda tem! Dancei, sei que dancei, Dancei meu bem! Mas vem que ainda tem! E então, my friends? Bastou vender a minha alma ao diabo, E lá vem vocês seguindo o mau exemplo. Entrando numas de vender a própria mãe. Alguém se atreve a ir comigo Além do shopping center? Hein? Hein? Ah! Donde están los estudiantes? Os rapazes latino-americanos? Os aventureiros? Os anarquistas? Os artistas? Os sem-destino? Os rebeldes experimentadores? Os benditos? Malditos? Os renegados? Os sonhadores? Esperávamos os alquimistas, e lá vem chegando os bárbaros Os arrivistas, os consumistas, os mercadores. Minas, homens não há mais? Entre o Céu e a Terra não há mais nada Do que sex, drugs and Rock 'n' Roll? Por que o Adeus às armas? Não perguntes por quem os sinos dobram, Eles dobram por Ri! Ora, senhoras! Ora, senhores! Uma boa noite lustrada de neon pra vocês E o último a sair apague a luz do aeroporto E ainda que mal me pergunte: ""A saída será mesmo o aeroporto?"" ",1775,0.12804017857142858,0.4182857142857141,Neutro,"dancei, ora, vem, "
Até Amanhã,0,"Até amanhã Se o homem quiser - mesmo se chover Volto pra viver mulher Até amanhã Se houver amanhã - se eu vir amanhã Mando alguém dizer como é Acorda amor O sono acabou, Maria Bonita Vem fazer o café O homem comum inda nem levantou Mas a policia já está de pé Até amanhã Se o homem quiser - mesmo se chover Volto pra viver mulher Até amanhã Se houver amanhã - se eu vir amanhã Mando alguém dizer como é  ",404,0.05324675324675325,0.2428571428571429,Neutro,"amanhã, homem, quiser, "
Ate Mais Ver,0,"Ate mais ver, ate mais ver, meu camarada. Contigo em mim e ainda em ti, vou indo em dois qualquer distancia entre nos, tornada em nada,  só assinala um novo encontro pra depois. Só long sem gesto, um bie ao leu.. Não diga sorte Não fale adeus que enruga o olhar mais compassivo se, sob o sol, nada mais velho e vil que a morte,  quem viu, na vida, novidade em estar vivo?  ",373,0.1236742424242424,0.4428030303030303,Neutro,"ate, ver, nada, "
Baihuno,0,"Já que o tempo fez-te a graça de visitares o Norte, leva notícias de mim Diz àqueles da província que já me viste a perigo: na cidade grande enfim Conta aos amigos doutores que abandonei a escola pra cantar em cabaré, baiões Bárbaros, baihunos, com a mesma dura ternura que aprendi na estrada e em Che  Ah! metrópole violenta que extermina os miseráveis, negros párias, teus meninos! Mais uma estação no inferno, Babilônia, Dante eterno! há Minas? Outros destinos? Conta àquela namorada que vai ser sempre o meu céu, mesmo se eu virar estrela (E aquelas botas de couro combinam com o meu cabelo, já tão grande quanto o dela) E, no que toca à, família, dá-lhe um abraço apertado, que a todos possa abarcar Fora-da-lei, procurado me convém família unida contra quem me rebelar Cai o Muro de Berlim - cai sobre ti, sobre mim, Nova Ordem Mundial Camisa-de-força-de-vênus... Ah! quem compraria, ao menos, o velho gozo animal? Já que o tempo fez-te a graça de visitares o Norte, leva noticias de mim O cara caiu na vida, vendo seu mundo tão certo, assim tão perto do fim Dá flôres ao comandante que um dia me dispensou do serviço militar Ah! quem precisa de heróis: feras que matam na guerra e choram na volta ao lar Gênios-do-mal tropicais, poderosos bestiais, vergonhas de Mãe Gentil Fosse eu um Chico, um Gil, um Caetano, e cantaria, todo ufano: ""Os Anais Da Guerra Civil"" Ao pastor de minha igreja reza que essa ovelha negra jamais vai ficar branquinha - Não vendi a alma ao diabo... O diabo viu mau negócio nisso de comprar a minha Se meu pai, se minha mãe se perguntarem, sem jeito - Onde foi que a gente errou? Elogiando a loucura, e pondo-me entre os sonhadores, diz que o show já começou Trogloditas, traficantes, neonazistas, farsantes: barbárie, devastação O rinoceronte é mais decente do que essa gente demente do Ocidente tão cristão ",1841,-0.01678449238933109,0.5204615277195923,Neutro,"tão, mim, tempo, "
Balada de Madame Frigidaire,0,"Ando pós-modernamente apaixonado pela nova geladeira. Primeira escrava branca que comprei, veio e fez a revolução. Esse eterno feminino do conforto industrial injetou-se em minha veia, dei bandeira! e ao por fé nessa deusa gorda da tecnologia gelei de pura emoção!  Ora! desde muito adolescente me arrepio ante empregada debutante. Uma elétrica doméstica então... Que sex-appeal! Dá-me o frio na barriga! Essa deusa da fertilidade, ready made a la Duchamp, já passou de minha amante Virou super-star, a mulher ideal, mais que mãe, mais que a outra... Puta amiga! Mister Andy, o papa pop, e outro amigo meu xarope se cansaram de dizer: Pra que Deus, Dinheiro e Sexo, Ideal, Pátria, Família pra quem já tem frigidaire? É Freud, rapaziada! Vir a cair na cantada dum objeto mulher. Eu me confundo, madame! E a classe média que mame se o céu, a prazo, se der! Que brancorno abre e fecha sensual dessa Nossa Senhora Ascéptica! Com ela eu saio e traio a televisão, rainha minha e de vocês. Dona frigidaire me come... But no kids double income! Filho compromete a estética! Como Edipo-Rei momo, como e tomo tudo dela... Deleites da frigidez! Inventores de Madame Frigidaire, peço bis! Muito obrigado! Afinal, na geladeira, bem ou mal, pôs-se o futuro do país. E um futuro de terceira, posto assim na geladeira, nunca vai ficar passado. Queira Deus que no fim da orgia, já de cabecinha fria, eu leve um doce gelado! Mister Andy, o papa pop, e outro amigo meu xarope, se cansaram de dizer: - Pra que Deus, Dinheiro e Sexo, Ideal, Pátria, e Família pra quem já tem frigidaire? É Freud, rapaziada! Vir a cair na cantada dum objeto mulher... Mas que trocadilho infame! La vraie Ballade des Dames du Temps Jadis... au contraire! ",1715,0.05843358650278292,0.5171266233766233,Neutro,"frigidaire, geladeira, mulher, "
Balada do Amor,0,"Não quero amar, não! Nunca mais que esse negocio de amor já não se faz sem punhais. Mister dos mistérios tais Ah! Eu nasci perdedor. Pra que mentir de fingidor das dores tão reais. Que romantismo e insolência torna-se o amor em violência só à paixão luz natural tesão de deusa pagã que vence o amor a La D.Juan certeza e gloria de fazer o mal. Amor que move o sol e outras estrelas... Ah! Quem penou a luz delas, esses eu conheço de outros carnavais. Deixem-me ser aprendiz do amor perverso, do amor feliz. Lugar comum de anjos e animais.  ",540,0.20756578947368426,0.6078947368421052,Positivo,"amor, luz, quero, "
Bebelo,0,b be bel b     belo be    belo   belo bel   belo bel   belo   belo   belo   belo        belo   belo   belo   belo         É     B  O   B  A   G E M b             bla     bla     bla ba            bla     bla     bla  bal           B        L       A b     bala ba    bala    bala bal   bala bal   bala    bala   bala   bala       bala    bala   bala	 bala       E  M    B  A   L  A    G E M	               tra      tra     tra               tra      tra     tra               T         R        A  ,498,0.8500000000000003,1.0,Positivo,"belo, bala, b, "
Beijo Molhado,0,"Um beijo molhado, escandalizado Mas sintonizado em nossa estação... Um beijo comprado no supermercado Transistorizado beijo do Japão... Only you, only you sabe dar!  Marilyn, Greta, Marlene Deusas que eu amei com as mãos A fumaça azul do cinema Poeira de estrelas, de sexo, ilusão Menina, quanta saúde! Fascination, Holywood de cartão postal, lamê. Tesouro da juventude, cuba libre, anti-ilha do tesouro Que eu ganhei na matine Ie, ie, ie, ie, ie, ie, only you (bis) Moças, bonecas de louça, fofinhas, dolores de mi pasión Oh! Diana suburbana, sulamericana, suja de batom Oh! deusa da discoteque! Oh! musa do fliperama, meu bichinho de neon Vamos, de motocicleta, tomar um sorvete Na lanchonete sempre rola um som Only you, only you sabe ser, sabe dar Que coisa louca Que céu da boca! Um beijo no carro No banco de trás Pelvis no rock Me pegue, me toque Saques de sax Você é demais! Al dia lá delle cose piu belle Ci sei tu, ci sei tu Al di lá, delle stille Ci sei tu perme. ",975,0.014705882352941175,0.5882352941176472,Neutro,"ie, beijo, sabe, "
Bel Prazer,0,"Libertar a carne e o espírito Coração, cabeça e estômago; Libertar a carne e o espírito Coração, cabeça e estômago;  O verbo, o ventre, o pé, o sexo, o cérebro: Tudo o que pode ser e ainda não é. O verbo, o ventre, o pé, o sexo, o cérebro: Tudo o que pode ser e ainda não é. Teu corpo é meu coro, oh! irene. E eu quero é ir, irene preta, ao bom humor. Só o homem feito, o homem forte, Não tem peito pra chorar, En la vereda tropical Hay cana e canela e crecen las palmas Y yo soy un hombre sincero Quero um ombro pra abraçar. En la vereda tropical Hay cana e canela e crecen las palmas Y yo soy un hombre sincero Quero um ombro pra abraçar. Achar ou inventar um lugar, Tão humano como o corpo, Onde pensar e gozar, Seja livre e tão legal: Como razões de estado Ou como fazer justiça; Como palavras num muro Ou escrever num jornal; Entrar ou sair da escola, Mulher-homem, homem-mulher; Como luar no sertão, Como lua artificial, Como roupas comuns, Como bandeiras agitadas. Festival estranho: festa, Feriado nacional Como roupas comuns, Como bandeiras agitadas. Festival estranho: festa, Feriado nacional ",1103,0.1392156862745098,0.6215686274509804,Neutro,"quero, libertar, carne, "
Bossa Em Palavrões,0,"Oh, não me telefones nunca mais Longe as falas sensuais dentre os lençóis Pois tua voz diz no computador, com puta dor Que outra voz paz; jaz muda já lá atrás No tempo em que falavam os animais  Não compro às violeteras imorais Pois não bato em mulher nem com uma flor São de tal arte os negócios do amor, que sem pudor É posto a parte qualquer amador O amor é coisa pra profissionais Sem telefone não me cantarias Pois eu, sem flores como em tantos dias Cortara na palmeira e em rubro uns corações Comprar a rosa a faz ou não ser minha Me ouves tão perto, a culpa é só da linha Sorriso, amor e flor são hoje bossa em palavrões A gente cega a quem Deus quer perder Faz ver mais no milhão que no prazer. ",703,0.15000000000000002,0.5019607843137255,Neutro,"pois, amor, voz, "
Brasileiramente Linda,0,"Olha-me, oh, yes! oh, yes! Brasileiramente linda, oh, yes! oh, yes! Brasileiramente linda.  Mente brasileira mente lindamente brasileira Envolve-me, oh, yes! oh, yes! Brasileiramente linda, oh, yes! oh, yes! Lindamente brasileira. Eu não vou querer... O amor somente é tão banal. Busco a paixão fundamental, Edípica e vulgar, De inventar meu próprio ser. Oh! senhora dona cândida, Coberta de ouro e prata: Descubra seu corpo-rosto, Nós queremos ver-lhe a alma. Antes que algum rouxinol Diga que é dia, é de manhã, O sol já vem: here comes the sun! Vem, estrela camponesa, Vênus, nuvem nua, lua nova, anjo fêmea Beija-me, oh, yes! oh, yes! Como se eu fosse um homem livre, oh, yes! oh, yes! Como um gesto primitivo, oh, yes! oh, yes! Do amor humano, animal, substantivo... Do amor humano, moreno, brasileiro. No brasil e no estrangeiro, O maior amor do ano no cinema americano. ",877,0.40056200592885377,0.6357048748353096,Positivo,"yes, amor, brasileiramente, "
Brincando Com a Vida,0,"Eu escolhi a vida como minha namorada,  com quem vou brincar de amor a noite inteira.  Eu estou sempre em perigo e a minha vida sempre está por um triz. Se vejo correr uma estrela no céu, eu digo: - Deus te guie, zelação. Amanhã vou ser feliz. É caminhando que se faz o caminho. ( Quem dera a juventude a vida inteira.) Eu escolhi a vida como minha namorada, com quem vou brincar de amor a noite inteira. Vida, eu quero me queimar no teu fogo sincero. (Espero que a aurora chegue logo.) Vida, eu não aceito, não! A tua paz, porque meu coração é delinquente juvenil suicida sensível demais. Vida, minha adolescente companheira, a vertigem, o abismo, me atrai: é esta a minha brincadeira. Eu estou sempre em perigo: o dia D, a hora H, a corda bamba, o bang, o clic do gatilho... Vida, agora eu te conheço. (Calma! A tudo eu prefiro a minha alma. E quero que isto seja o meu brilho.) Vida agora eu te conheço. (Calma! A tudo eu prefiro a minha alma. E quero que isto seja o meu brilho e o meu preço.) ",998,0.20300925925925925,0.5273148148148148,Positivo,"vida, vou, inteira, "
Brotinho de Bambu,0,"Oh! Meu brotinho de bambú Delicadeza de rosal amante. Um leque, um chá da china, um hai-cai és tu Menina moça, fina massa, porcelana  Rã de manhã de sol de rouxinol Meu e, meu vê, meu a(h!) xé, Ié, Ié E é a clara caligrafia lê A alegria com que encanto é! E a melodia em que me verso vê A energia com que digo: Dê A primazia a ser feliz e sê já! ",346,0.18541666666666665,0.6388888888888891,Neutro,"vê, ié, brotinho, "
Canção de Gesta de Um Trovador Eletrônico,0,"O som do alto falante Rolava e me dava um toque E Chuck Berry, berrando Em sua guitarra, era um choque Cometas Halley passando, Astros no pó de Woodstock, Cabeças, pedras rolantes Jim, Jimi, John, Janis Joplin E a moçada do subúrbio, Cinema, topetes, motos... Rock, rock, rock, rock, rock,  Cai na estrada tirana: (A juventude é um dom!) Garotas, sonhos, mil transas, Como dar bandeira é bom! Olhando a cidade grande Cheia de fúria e de som; Querendo ser uma estrela De sexo, laser e neon... Cidade grande é uma droga Mas o rock dá o tom Rock, rock, rock, rock, rock, São mil milhões de habitantes deste parque industrial: Negros, mulheres, menores Filhos da crise geral Iguais pela mesma bomba Que vai cair no quintal Ídolo de Deus dos esgotos A musa urbana me fez Meu sucesso é saber disso E bater tudo pra vocês Num rock, rock, rock, rock, rock. ",849,0.061388888888888875,0.3250000000000001,Neutro,"rock, som, mil, "
Carisma,0,"Deu a vida pelos seus: isto é mais forte que a morte, mais importante que Deus; que Deus e o Mundo; que Deus e todo mundo.  Sua voz, morta, ainda canta; ainda espanta o mau agouro, nessa terra, onde o silêncio, literalmente, é de ouro. Eu nasci lá, numa terra, onde o céu é o próprio chão. ",290,0.15714285714285714,0.6238095238095237,Neutro,"deus, mundo, ainda, "
Caso Comum de Trânsito,0,"Faz tempo que ninguém canta uma canção falando fácil... claro-fácil, claramente... das coisas que acontecem todo dia, em nosso tempo e lugar. Você fica perdendo o sono, pretendendo ser o dono das palavras, ser a voz do que é novo; e a vida, sempre nova, acontecendo de surpresa, caindo como pedra o povo. À tarde, quando eu volto do trabalho, mestre Joaquim pergunta assim pra mim: - Como vão as coisas ? Como vão as coisas ? Como vão as coisas, menino ?  E eu respondo assim: - Minha namorada voltou para o norte, ficou quase louca e arranjou um emprego muito bom. Meu melhor amigo foi atropelado, voltando para casa... Caso comum de trânsito, caso comum de trânsito, caso comum de trânsito. Pela geografia, aprendi que há, no mundo, um lugar, onde um jovem como eu pode amar e ser feliz. Procurei passagem: avião, navio... Não havia linha praquele país. - E aquele poeta, moreno e latino, que, em versos de sangue, a vida e o amor escreveu... Onde é que ele anda? - Ninguém sabe dele... - Fez uma viagem ? - Não, desapareceu. Deita ao meu lado. Dá-me o teu beijo. Toda a noite o meu corpo será teu. Eles vêm buscar-me na manhã aberta: a prova mais certa que não amanheceu. Não amanheceu, menina. Não amanheceu, ainda ",1219,0.15547028728846912,0.4725993703266429,Neutro,"coisas, vão, caso, "
Clamor No Deserto,0,"Eh! meus amigos, um novo momento precisa chegar. Eu sei que é difícil começar tudo de novo, mas eu quero tentar.  Minha garota não me compreende e diz que, desse jeito, eu apresso o meu fim. Fala que o pai dela é lido e corrido e sabe que a América toda é assim. Quem me conhece me pede que seja mais alegre... é que nada acontece que alegre meu coração. Dá no jornal, todo dia, o que seria o meu canto, mas o negócio é cantar o luar do sertão. Eh! meus amigos, um novo momento precisa chegar. Eu sei que é difícil começar tudo de novo, mas eu quero tentar. Ano passado, apesar da dor e do silêncio, eu cantei como se fosse morrer de alegria. Hoje, eu lhe falo em futuro e você tira o revólver, puxa o talão de cheque e me dá um bom dia. Sei que não é possivel dizer todas as coisas, nesse feliz ano novo que a gente ganhou. Mas falta só algum tempo para 1-9-8-4. Agora estou em paz: o que eu temia chegou! ",907,0.21159673659673656,0.5337412587412588,Positivo,"novo, sei, eh, "
Comentários a Respeito de John,1,"Saia do meu caminho, eu prefiro andar sozinho Deixem que eu decido a minha vida Não preciso que me digam, de que lado nasce o sol Porque bate lá o meu coração  Sonho e escrevo em letras grandes de novo pelos muros do país João, o tempo, andou mexendo com a gente sim John, eu não esqueço, a felicidade é uma arma quente Quente, quente Saia do meu caminho, eu prefiro andar sozinho Deixem que eu decido a minha vida Não preciso que me digam, de que lado nasce o sol Porque bate lá o meu coração Sob a luz do teu cigarro na cama Teu rosto rouge, teu batom me diz João, o tempo andou mexendo com a gente sim John, eu não esqueço (oh no, oh no), a felicidade é uma arma quente Quente, quente ",688,0.24642857142857136,0.6628571428571428,Positivo,"quente, saia, caminho, "
Como Nossos Pais,1,"Não quero lhe falar Meu grande amor Das coisas que aprendi Nos discos Quero lhe contar como eu vivi E tudo o que aconteceu comigo  Viver é melhor que sonhar Eu sei que o amor É uma coisa boa Mas também sei Que qualquer canto É menor do que a vida De qualquer pessoa Por isso cuidado, meu bem Há perigo na esquina Eles venceram e o sinal Está fechado pra nós Que somos jovens Para abraçar meu irmão E beijar minha menina na rua É que se fez o meu lábio O meu braço e a minha voz Você me pergunta Pela minha paixão Digo que estou encantado Como uma nova invenção Vou ficar nesta cidade Não vou voltar pro sertão Pois vejo vir vindo no vento O cheiro da nova estação E eu sinto tudo na ferida viva Do meu coração Já faz tempo E eu vi você na rua Cabelo ao vento Gente jovem reunida Na parede da memória Esta lembrança É o quadro que dói mais Minha dor é perceber Que apesar de termos Feito tudo, tudo, tudo Tudo o que fizemos Ainda somos os mesmos E vivemos Ainda somos os mesmos E vivemos Como os nossos pais Nossos ídolos Ainda são os mesmos E as aparências, as aparências Não enganam, não Você diz que depois deles Não apareceu mais ninguém Você pode até dizer Que eu estou por fora Ou então Que eu estou enganando Mas é você Que ama o passado E que não vê É você Que ama o passado E que não vê Que o novo sempre vem E hoje eu sei, eu sei Que quem me deu a ideia De uma nova consciência E juventude Está em casa Guardado por Deus Contando o seus metais Minha dor é perceber Que apesar de termos Feito tudo, tudo, tudo Tudo o que fizemos Ainda somos Os mesmos e vivemos Ainda somos Os mesmos e vivemos Ainda somos Os mesmos e vivemos Como os nossos pais ",1653,0.1602693602693603,0.38493265993266,Neutro,"tudo, ainda, mesmos, "
Como Se Fosse Pecado,0,"É claro que eu quero o clarão da lua. É claro que eu quero o branco no preto. Preciso, precisamos, da verdade nua e crua, Mas não vou remendar vosso soneto. (Batuco um canto concreto pra balançar o coreto.)  Por enquanto, o nosso canto é entre quatro paredes, como se fosse pecado, como se fosse mortal. Segredo humano, pro fundo das redes, tecendo a hora em que a aurora for geral. Por enquanto, estou crucificado e varado pela lança, que não cansa de ferir... Mas, neste bar do Oeste-Nodeste-Sul, falo cifrado: - Hello, bandidos! Bang! É hora de fugir. Mas, quando o canto for tão natural como o ato de amar, como andar, respirar, dar a vez à voz dos sentidos. Virgem Maria-dama do meu cabaré, quero gozar toda noite sobre tus pechos dormidos. Romã, romã quem dançar, quem deixar a mocidade louca, mas daquela loucura que aventura a estrada e a estrela do amanhã e aquela felicidade, arma quente. Quem haverá que aguente tanta mudez sem perder a saúde? (A palavra era um dom, era bom, era conosco, era uma vez...) Felicidade, arma quente, com coisa quente é que eu brinco. Take it easy, my brother Charles, Anjo 45! Tá qualquer coisa, meu irmão. Mas use o berro e o coração que a vida vem no fim mês... ",1205,0.18765625,0.5083333333333335,Neutro,"quero, canto, quente, "
Conheço o Meu Lugar,1,O que é que pode fazer o homem comum Neste presente instante senão sangrar? Tentar inaugurar A vida comovida Inteiramente livre e triunfante?  O que é que eu posso fazer Com a minha juventude Quando a máxima saúde hoje É pretender usar a voz? O que é que eu posso fazer Um simples cantador das coisas do porão? Deus fez os cães da rua pra morder vocês Que sob a luz da lua Os tratam como gente - é claro! - aos pontapés Era uma vez um homem e o seu tempo Botas de sangue nas roupas de Lorca Olho de frente a cara do presente e sei Que vou ouvir a mesma história porca Não há motivo para festa: Ora esta! Eu não sei rir à toa! Fique você com a mente positiva Que eu quero é a voz ativa (ela é que é uma boa!) Pois sou uma pessoa Esta é minha canoa: Eu nela embarco Eu sou pessoa! A palavra pessoa hoje não soa bem Pouco me importa! Não! Você não me impediu de ser feliz! Nunca jamais bateu a porta em meu nariz! Ninguém é gente! Nordeste é uma ficção! Nordeste nunca houve! Não! Eu não sou do lugar dos esquecidos! Não sou da nação dos condenados! Não sou do sertão dos ofendidos! Você sabe bem: Conheço o meu lugar! ,1116,0.29173137626262624,0.4285064935064936,Positivo,"fazer, pessoa, homem, "
Coração Selvagem,1,"Meu bem, guarde uma frase pra mim dentro da sua canção Esconda um beijo pra mim Sob as dobras do blusão Eu quero um gole de cerveja No seu copo, no seu colo e nesse bar  Meu bem, o meu lugar é onde você quer que ele seja Não quero o que a cabeça pensa  Eu quero o que a alma deseja Arco-íris, anjo rebelde Eu quero o corpo, tenho pressa de viver Mas quando você me amar Me abrace e me beije bem devagar Que é para eu ter tempo Tempo de me apaixonar Tempo para ouvir o rádio no carro Tempo para a turma do outro bairro ver e saber que eu te amo Meu bem, o mundo inteiro está naquela estrada ali em frente Tome um refrigerante, coma um cachorro-quente Sim, já é outra viagem  E o meu coração selvagem tem essa pressa de viver Meu bem, mas quando a vida nos violentar Pediremos ao bom Deus que nos ajude Falaremos para a vida Vida, pisa devagar, meu coração, cuidado, é frágil Meu coração é como vidro, como um beijo de novela Meu bem, talvez você possa compreender a minha solidão O meu som, e a minha fúria e essa pressa de viver E esse jeito de deixar sempre de lado a certeza E arriscar tudo de novo com paixão Andar caminho errado pela simples alegria de ser Meu bem, vem viver comigo, vem correr perigo, vem morrer comigo Meu bem, meu bem, meu bem Talvez eu morra jovem, alguma curva no caminho Algum punhal de amor traído completará o meu destino Meu bem, vem viver comigo, vem correr perigo, vem morrer comigo Meu bem, meu bem, meu bem Meu bem, meu bem, meu bem Que outros cantores chamam baby Que outros cantores chamam baby Que outros cantores chamam baby ",1563,0.13247648902821316,0.4630049261083744,Neutro,"bem, vem, viver, "
Corpos Terrestres,0,"Osculetur me oscule oris suis Ideo adolescentulae dilexerunt te Nigra sum sent formosa. (but tomorrow is another day anyway) Nolite me considerare quod fusca sim, Quia decoloravit me sol - it's alright, ma! (i'm only bleeding) Here comes the sun. Indica mihi quem, dirigit anima mea, Ube pascas, ube cubes in meridie. (come with me and be my love) Ego dilecto meo, et dilectos meus mihi (i've got you under my skin... oh! really?)  Ego flos campi Et lilium convallium Veni, dilecte mi egrediamur in agrum Commoremur in villis Ibi dabo tibi ubera mea. Quam pulchra es, amica mea, quam pulchra es! Umbilicus tuus crater tornalitis, Numquam indigens poculis. Venter tuus sicut acervus tritici Vallatus liliis. Duo ubera tua sicut duo hinnuli Gemelli capreae. (absque occultis tuis!) Apori mihi, 'soror mea, amica mea, Columba mea, immaculata mea. Dilectus meus misit manum sua per foramen Et venter meus intremuit ad tactum eius Qui faciemus sorori nostrae In die quando alloquenda est? Sub arbore malo suscitavi te; Ibi corrupta est mater tua, Ibi violata est genitrix tua. Pone me ut signaculum super cor tuum, Ut signaculum super brachium tuum, Que fortis est ut mors dilectio. ",1178,0.4652777777777778,0.7398148148148147,Positivo,"mea, est, mihi, "
Cuidar do Homem,0,"Cuidar do homem. Cuidar do homem.  Solução, rima, Raimundo, é chegado o fim de tudo eo mundo pode acabar. De tanto ver, fiquei cego; surdo de tanto escutar. Ainda me sinto gente, mas não posso respirar. Tem veneno em toda terra, mil fumaças pelo ar. Não tem pássaro nem bicho, e monte líquido de lixo se tornou a água do mar. Cuidar do homem. Cuidar do homem. Pra quem pensava que Hiroshima, meu amor, tinha sido exemplo. Há Bomba N, há de Hidrogênio, há Bomba Atômica. Só quem não tem nenhuma simpatia pela raça humana pode insitir num desrespeito tão flagrante ao direito de existir. Talvez, se esses caras tivessem uma bela dama, um amor puro, fizessem fama, sobre a cama, como autores do futuro. Por isso, enquanto esses dementes tomam por amantes bombas e usinas eu canto, eu danço, eu fumo, eu bebo, eu como, eu gozo com essas meninas E se você vier com essa: que sou ingênuo, artista louco; digo: eu concordo. Eu pinto, eu bordo, eu vivo muito e ainda acho pouco. Por isso é sempre novo afirmar: Não faça a guerra. Faça o amor... E viva a vida e seus instintos no poder da flor. ",1086,0.13950534759358285,0.565603514132926,Neutro,"cuidar, homem, amor, "
Dandy,1,"Mamãe quando eu crescer Eu quero ser artista Sucesso, grana e fama são o meu tesão Entre os bárbaros da feira Ser um reles conformista Nenhum supermercado satisfaz meu coração  Mamãe quando eu crescer Eu quero ser rebelde Se conseguir licença Do meu broto e do patrão Um gandhi dandy, um grande Milionário socialista De carrão chegou mais rápido à revolução Ahh! Quanto rock dando toque, tanto blues E eu de óculos escuros vendo a vida e mundo azul Mamãe quando eu crescer Eu quero ser adolescente No planeta juventude Haverá vida inteligente? Plantar livro, escrever árvores Criar um filho feliz Um porquinho pra fazer de novo tudo o que eu já fiz Ahh! Quanto rock dando toque, tanto blues E eu de óculos escuros vendo a vida e mundo azul ",740,0.17686941964285716,0.3901785714285715,Neutro,"mamãe, crescer, quero, "
De Primeira Grandeza,0,"Quando eu estou sob as luzes Não tenho medo de nada E a face oculta da lua Que era minha aparece iluminada Sou o que escondo sendo uma mulher Igual a tua namorada Mas o que vês Quando mostro estrela de grandeza inesperada  Musa, deusa, mulher, cantora e bailarina A força masculina atrai não é só ilusão A mais que a história fez e faz o homem se destina A ser maior que Deus por ser filho de adão Anjo, herói, prometeu, poeta e dançarino A glória feminina existe e não se fez em vão E se destina à vida, ao gozo, a mais do que imagina O louco que pensou a vida sem paixão ",573,0.2533333333333333,0.5200000000000001,Positivo,"mulher, fez, destina, "
Depois Das Seis,0,"Quando a fábrica apitou e o trabalho terminou, todo mundo se mandou, sem desejos de voltar. Como o mar não tá pra peixe, ai, mulata, não negues teu cabelo. E, aproveitando esta deixa, vem viver, me comer, vem me dar, renascer, descansar.  O sol posto enxuga o suor do meu rosto, que eu não sou cativo por gosto: estou vivo e berrando da geral. E a moçada é que faz de fato a festa, em cidade como esta, onde ser gente é imoral. - Conheço a lua e não conheço o meu quintal. - A culpa é tua. Eu cantei todo esse mal. Eu... A andorinha contou que, sozinha, canta, mas não faz verão. Tem boi na linha. É o mesmo trem, a mesma estação. Resumindo: -Até logo, eu vou indo. Que é que estou fazendo aqui? Quero outro jogo, que este é fogo de engolir. ",742,-0.09136363636363637,0.3549999999999999,Neutro,"todo, vem, faz, "
Divina Comédia Humana,1,"Estava mais angustiado que um goleiro na hora do gol Quando você entrou em mim como um Sol no quintal Aí um analista, amigo meu, disse que desse jeito Não vou ser feliz direito  Porque o amor é uma coisa mais profunda que um encontro casual Aí um analista, amigo meu, disse que desse jeito Não vou ser feliz direito Porque o amor é uma coisa mais profunda que um transa sensual Deixando a profundidade de lado Eu quero é ficar colado à pele dela noite e dia Fazendo tudo de novo e dizendo sim à paixão, morando na filosofia Deixando a profundidade de lado Eu quero é ficar colado à pele dela noite e dia Fazendo tudo de novo e dizendo sim à paixão, morando na filosofia Eu quero gozar no seu céu, pode ser no seu inferno Viver a divina comédia humana onde nada é eterno Eu quero gozar no seu céu, pode ser no seu inferno Viver a divina comédia humana onde nada é eterno Ora, direis ouvir estrelas, certo perdeste o senso Eu vos direi, no entanto Enquanto houver espaço, corpo e tempo e algum modo de dizer não Eu canto Ora, direis ouvir estrelas, certo perdeste o senso Eu vos direi, no entanto Enquanto houver espaço, corpo e tempo e algum modo de dizer não Eu canto ",1168,0.2584415584415585,0.5984593837535014,Positivo,"quero, aí, analista, "
"Do Mar, do Céu, do Campo",0,"Fê-pê, Lê-pê, O-pô, Rê-pê, Aflor do mar, o céu: Rose Selavy. Lê-pê, A-pá, Ga-pá, O-pô, O-pô, Quê-pê: A Giocondadá, flor do campo.  Ay! Minha moça ready made passando de virgem à noiva. My non sense of humour, minha máquina de viver. Ay! Fonte. Um nu descendo um novo lance de escadados. Orei, a rainha, o cavalo, o peão, o grande vidro de xadrez. Cê-pê, A-pá, Nê-pê, Tê-pê, A-pá, Rê-pê, Cantar o mar no céu, la vie en rose aqui Estuve pensando en ti, xyz de mi problema: A culpa é do cinema! A-E-I-O-U, doble U, dobre o U Na cartinha da Juju, Misanu. A-E-I-O-U, dabliú, dabliú, Que a partilha é de Ubu. Noiva Maria, denudada por seus parceiros solteiros. Ay! Dama do meu fliperama, mulher-objeto trovado no chão. Oh! sonho que o dinheiro compra. Oh! pedra de toque, palavraclosada Oh! trova clusada. E Kitsh goliardo Que inventa-provença na minha canção! A/B/C/D/E/Fê/Guê/ Agá/I/K/Lê/Mê/ N/O/P/Q/Rê/ STUV pensando en ti, XYZ de mi problema: A cULpa é do cinema ",961,0.15128253799152236,0.38577200577200577,Neutro,"o-pô, a-pá, ay, "
E Que Tudo Mais Vá Para o Céu,0,"Um dia você me falou, em Andaluzia e em Valladolid Granada fica além do mar, na Espanha Molhou em meu vinho seu pão E também me falou em coisas do Brasil O FMI, Tom, poeta tombado na guerra civil  O homem da máquina então, então me falou Vá embora poeta maldito! O teu tempo maldito também já terminou E eu fui embora sorrindo, sem ligar pra nada; como vou ligar Para  essas coisas quando eu tenho a alma apaixonada? Mas teu cabelo é mais negro que o negro Da asa da graúna, de um negro mais sutil Preto como os tipos pretos que compõem a palavra anil E à noite eu entro no CinemaScope Tecnicolor, World Vision, daqueles de cowboy De que vale a minha boa vida de playboy? E eu compro este ópio barato Por duas gâmbias, pouco mais Mas como dói... Eu entro num estádio e a solidão me rói E eu quero mandar para o alto O que eles pensam em mandar para o beleléu E que tudo mais vá para o céu E eu quero mandar para o alto O que eles pensam em mandar para o beleléu E que tudo mais vá para o céu E que tudo mais vá para o céu E que tudo mais vá para o céu ",1052,0.1018939393939394,0.4575757575757576,Neutro,"vá, mandar, tudo, "
Elegia Obscena,0,"Meu bem, admire o meu carro e goze sozinha, enquanto fumo um cigarro mas cuidado!, atenção! - Oooh! oooh!... não vá quebrar mais nenhum coração. Podemos até nos deitar mas você saberá... saberá que será puro flertar, paraíso perdido, meros toque de Eros, um sarro, um tesão - Oooh! oooh! ... bad bed bed times (1) os teus peitos no jeito e eu pego e me deleito, na flor do meu umbigo. - Oooh! oooh!... E ainda ponho a camisa que avisa precisa - I can't get no satisfaction - Oooh! oooh! ... bad bed bed times! onde os puros saberes onde a fúria de seres humanos contra a ira dos deuses que cena obscena pedir, pedir Por favor nada de amor - I can't get no satisfaction  Instrumental Repete (1) em diante ",704,-0.2666542658730159,0.5277777777777778,Negativo,"oooh, bed, saberá, "
Em Resposta à Carta de Fã,0,"Baby, respondo enfim aquela carta de fã que você mandou pra mim.  Sabe, quase que eu ia fazendo a canção tropical que você me pediu. Mas quem sou eu, mentalidade mediana, para imitar Jorge Ben? Por favor não confunda as coisas! toda a canção e vulgar! Eu é que sou um cara difícil de domesticar. Gato violento e cruel? ora, ora! Você já ouviu falar em política? oh! não. Poema, o que e um poema? Isto não é do meu tempo Tempo de sex drug and rock and roll, computador! Mas não se engane! sou do poetariado, Um roqueiro fingido, estreando a vida fácil, meu amor. Obrigado pelo brando do subúrbio, pelo garoto de aluguel. Não sou nenhum Alain Delon! Pra terminar meu livro de cabeceira para ler com todo o corpo e aquele de que fala a elegia de Donne. ",750,-0.1743686868686869,0.6893939393939393,Neutro,"canção, ora, poema, "
Espacial,0,"Olha para o céu: Tira teu chapéu Pra quem fez a estrela nova - que nasceu Traz o teu sorriso novo espacial Pra quem fez a estrela artificial  Eu sei que agora a vida deixa de ser vã Pois há mais luz na avenida E mais um astro na manhã Quem volta do seu campo, ao sol poente, vem dizer Que a estrela é diferente e fez o trigo aparecer Olha para o céu: Tira o teu chapéu Pra quem fez a estrela nova - que nasceu Não é pra são jorge, nem pra são joão Pois não é outra lua e não é balão Quem mora no oriente não vai se incomodar Ao ver que no ocidente a estrela quer passar Não há mais abandono nem reino de ninguém. Se a terra já tem dono, no céu ainda não tem Por isso vem; deixa o cansaço, apressa o passo E vem correndo pro terraço e abre os braços Para o espaço que houver Quem não quiser deixar a terra em que vivemos Pelos astros onde iremos vai ouvir Ver e contar tantas estrelas Quantas forem nossas naves, noutros mares mais suaves A voar, voar, voar. ",958,0.19835858585858585,0.5021464646464646,Neutro,"estrela, fez, céu, "
Extra Cool,0,"Latino-América libre! La Mamma Africaribe!  Extra cool, a década da decadência! Onda blue, o verde não violência! Soul e sul, Latino-América libre! Que lundu, La Mamma Africaribe! Ai! Ai! Ai! Ai! Quanto sol! o mundo nu para breve! Tou em greve Cansongs em portunhol! Olha a dança vingando a nossa esperança, çá, çá, çá! Saia da roda a baixeza - crime de lesa-beleza! Armada só de luz, papoula a manhã! Desarmement! Je chant quelle etoile rouge... En passant! Allons, enfants! Alons, enfants! Tao eterno, que tudo o mais vá pro inferno! Oh! Folia! Tão moderno, Pierrot, Le Fou! Anarquia! Toque o deus Pan new bossa e Cubanacán Fortaleza! A flor do heavy, a leveza, e o beijo noir-neon de uma fã! Armada só de luz, papoula a manhã! Desarmement!  Je chant quelle etoile rouge... En passant! Allons, enfants! Alons, enfants!  Allons, enfants! Alons, enfants! Desarmement! Alons, enfants! Desarmement! Alons, enfants! Desarmement! Desarmement! Desarmement! Desarmement! ",965,0.2863636363636363,0.5336363636363636,Positivo,"desarmement, enfants, alons, "
Fotografia 3X4,1,"Eu me lembro muito bem do dia que eu cheguei Jovem que desce do Norte pra cidade grande Os pés cansados e feridos de andar légua tirana De lágrimas nos olhos de ler o Pessoa E de ver o verde da cana  Em cada esquina que eu passava um guarda me parava Pedia os meus documentos e depois sorria Examinando o 3x4 da fotografia E estranhando o nome do lugar de onde eu vinha Pois o que pesa no Norte, pela lei da gravidade Disso Newton já sabia: cai no Sul, grande cidade São Paulo violento, corre o Rio que me engana Copacabana, Zona Norte e os cabarés da Lapa onde eu morei Mesmo vivendo assim, não me esqueci de amar Que o homem é pra mulher e o coração pra gente dar Mas a mulher, a mulher que eu amei Não pôde me seguir não Esses casos de família e de dinheiro eu nunca entendi bem Veloso, o sol não é tão bonito pra quem vem do Norte e vai viver na rua A noite fria me ensinou a amar mais o meu dia E pela dor eu descobri o poder da alegria E a certeza de que tenho coisas novas Coisas novas pra dizer A minha história é talvez É talvez igual a tua, jovem que desceu do Norte Que no sul viveu na rua E ficou desnorteado, como é comum no seu tempo E que ficou desapontado, como é comum no seu tempo E que ficou apaixonado e violento como eu como você A minha história é talvez É talvez igual a tua, jovem que desceu do Norte Que no sul viveu na rua E que ficou desnorteado, como é comum no seu tempo E que ficou desapontado, como é comum no seu tempo E que ficou apaixonado e violento como eu como você Eu sou como você Eu sou como você Eu sou como você que me ouve agora Eu, eu sou como você Eu sou como você Eu sou como você Eu sou como você Eu sou como você Eu sou como você ",1678,-0.043560606060606064,0.5397253787878789,Neutro,"norte, ficou, talvez, "
"Galos, Noites e Quintais",0,"Quando eu não tinha o olhar lacrimoso Que hoje eu trago e tenho Quando adoçava meu pranto e meu sono No bagaço de cana do engenho Quando eu ganhava esse mundo de meu Deus Fazendo eu mesmo o meu caminho Por entre as fileiras do milho verde Que ondeia, com saudade do verde marinho  Eu era alegre como um rio Um bicho, um bando de pardais Como um galo, quando havia Quando havia galos, noites e quintais Mas veio o tempo negro e, à força, fez comigo O mal que a força sempre faz Não sou feliz, mas não sou mudo Hoje eu canto muito mais ",534,0.013425925925925928,0.6703703703703704,Neutro,"hoje, verde, força, "
Humano Hum,0,"Lavrar a palavra a pá, Como quem prepara um pão.  Quando o mar virar sertão, Nossa palavra será Tão humana como o pão. E o canto que soar um palavrão Se mostrará como é: Anjo de espada na mão. ",193,0.0,0.1,Neutro,"palavra, pão, lavrar, "
Jornal Blues (Canção Leve de Escárnio e Maldizer),0,"Nesta terra de doutores, magníficos reitores, leva-se a sério a comédia! A musa-pomba do Espírito Santo - e não o bem comum! - Inspira o bispo e o Governante. Velhos católicos, políticos jovens, senhoras de idade média, - sem pecado abaixo do Equador - fazem falta e inveja ao inferno de Dante. Tão comum e tirar-se daqui qualquer coisa que eu também tiraria o chapéu a vontade. Aos cidadãos respeitáveis, donos de nossas vidas, pais e patrões do país. Mas em vez tiro o lenço... Não para enxugar, portuguesmente, a saudade...  Mas pra saudar num Ciao! Quem me expulsa de casa! Dar um ""viva, excelência!"" E tapar o nariz! Não, não quero contar vantagem mas já passei fome com muita elegância. E uns caras estranhos - ordens superiores! Já invadiram minha casa... Mas com muito respeito! Diabo de profissão! Ganhar com o suor de meu gosto o bendito pão e o gim das crianças! Noblesse oblige! Eu talvez seja o cara que você ama odiar, inimigo do peito! Cá em casa quem morre se torna querido, tido e havido por justo e inocente. Mas pode ir tirando o cavalo da chuva que eu não vou nessa de morrer só para agradar vocês. Aluno mal comportado, pela regra da escola,devo ser reprovado...sumariamente Mas não faz mal. Deixo os louros ao poeta! Lauras e o que me importa! Quero o meu dinheiro no fim do mês! Mas que poeta idiota! Canções tão tocantes dão sempre uma nota raramente vulgar! Atentado à Moral e aos Bons Costumes, lapido diamantes, não falsos brilhantes. Kitsch elegante que te mente elegantemente! Oh! Abre alas que eu quero passar! There's no business like soul business! There's no Political solution, meus caros estudantes! Tá todo mundo comido, lavado, passado, bronzeado... Ora, muito obrigado! Só eu não venço na vida, não ganho dinheiro, não pego mulheres, não faço sucesso! O velho blues me diz que, ateu como eu, devo manter os modos e o estilo...Réu confesso! Eles vão para a glória sem passar pela cama... Ou jesus não me ama ou não entendo nada do riscado! Não toques esse disco! Não me beijes, por favor! Meu professor de filosofia me dizia que eu viveria sempre adolescente Hoje, qualquer mulher, assim que me abandona, já me tem por durão, mesmo sabendo que mente. Desculpem! Infelizmente não sou à prova de som nem de amor...de amor... de amor...de amor....de amor... de amor... de amor... de amor... de amor ",2333,0.1639484759477038,0.6457364341085274,Neutro,"amor, casa, quero, "
Kitsch Metropolitanus,0,"Oh, comedor de hamburguer Oh, mascador de chiclete Oh, beberrão de keep cooler Vejam só que canivete!  Onde era mesmo a escola? Meu broto passa gillette Garotos clones mutantes Mostrem de novo o topete Que tal usar brilhantina? No país da vaselina Quem tiver cara, me piche E eu chego feito um pivete À glória do sanduíche Que gente fina! gentinha... Rainha em puxar tapete Não posso entrar numa sala Que eles vêm de cassetete Kitsch metropolitanus Essa moçada promete Garotos clones mutantes Com que gastar meu confete? Que tal usar brilhantina? No país da vaselina Quem tiver cara, me piche E eu chego feito um pivete À glória do sanduíche ",642,0.03194444444444446,0.5666666666666667,Neutro,"garotos, clones, mutantes, "
La Vida Es Sueño,0,"Hermano, la vida es sueño No hay más nada que pedir Que detrás roto en el viento Todo el miedo de vivir  Hermano, la vida es sueño Me ayude usted a sentir Que mi amor por los humildes No me dejará mentir Milonga, la vida es sueño Los sordos habrán de oír Hermano, la vida es sueño Que jamás caerá inerte No duerme y no pierde tiempo Con gente de mala suerte Señor seguro en las nubes No habrá nada que lo apriete así por justa prudencia Elige amigo el más fuerte Milonga, la vida es sueño Pero no sueño de muerte En estos tiempos de furia La verdad va mal herida Los profetas predicando De la tierra prometida Cuentan que un sello de plata Recompensa la subida Hermano, la vida es sueño De libertad sin medida Se non se la sueña juntos Se desea se de salida Hermano la vida es sueño E le estoy viendo venir Por las ramblas por las plazas Por él ja no ha repetir El gran amor de los hombres La aventura y el sufrir Milonga venga y maldiga A los que en viven en subir Un río llamado pueblo Donde rige el porvenir ",1011,0.09545454545454546,0.5498015873015872,Neutro,"sueño, vida, es, "
Lamento do Marginal Bem Sucedido,0,"Baby Enquanto um velho mestre de blues radioativa nas ondas Sonoras do carro, tome um fósforo e, ao gosto dos anjos, acenda O ultimo cigarro Que aquele bêbado lhe deu E blues lamente comigo os tempos cínicos e cruéis para o caubói Delicado que você diz que sou eu Ah! Você lembra? Naquele tempo, quem não queria tomar o poder e que mãe não tomava comprimidos pra dormir? É proibido proibir! Ora, ora o poder, humilhação e violência! Vocês querem Bacalhau Ao vencedor as batatas, o troféu abacaxi E por falar em política, os meninos de rua já sentem na pele a verdade nua e crua do que nunca aconteceu Marginal bem sucedido e amante da anarquia, eu não sou Renegado sem causa, oh! Não E uma dose de amor, esse artigo sempre em falta, cairia muito Bem em mim Melhor que a droga do gim Lançado em meu cartaz de procurado de vira-lata de mercado, com a pata esmagada por um trem Ah! Fique aqui, só entre nos dois, este papo amarelo de dor Que rima com conversa mole de amor Pois, você sabe, eu prefiro a inocência do sexo e a pureza da Paixão depois do amor, o tédio e a solidão! Quem diria? Ontem a noite na cama me senti arrasado com você me chamando - idiota, bandido, um canalha, indecente, transviado, machão! Ah! Enquanto essas senhoras e esses senhores viram o jogo Contra nós e põem o mundo a seu favor - que horror! (Conversação de marginais sobre terra devastada, em meio a nossa guerra civil. Desde Cabral o Brasil é Brasil) Guardo-lhe, como um presente, o meu modo masculino, raro e Fino, de trovador eletrônico, anjo torto, ciberneticamente a mil Baby, tudo vai dar pé, você sabe e eu também sei... Qual é o problema? Mas, pelo sim pelo não me dê a sua mão igual a seu coração E, num amasso apertado um beijo molhado e escandalizado Daqueles de cinema Baby, tudo vai dar pé, você sabe e eu também sei... Qual é o problema? Mas, pelo sim, pelo não, me dê a sua mão, igual a seu coração (All we need is love!) e, num amasso apertado- da cor do Pecado, um beijo molhado, escandalizado, daqueles de cinema  ",2012,0.010647321428571421,0.5418253968253969,Neutro,"baby, amor, sabe, "
Lira dos Vinte Anos,0,"Os filhos de Bob Dylan, clientes da Coca-cola Os que fugimos da escola Voltamos todos pra casa. Um queria mandar brasa; Outro ser pedra que rola... Daí o money entra em cena e arrasa E adeus, caras bons de bola!  Mamãe! como pôde acontecer? Ah! meu coração-lobo mau não aguenta! ...e andarmos apressados Deu em chegar atrasados Ao fim dos anos cinquenta! Meu pai não aprova o que eu faço. Tampouco eu aprovo o filho que ele fez. Sem sangue nas veias, com nervos de aço, Rejeito o abraço que me dá por mês. ",506,-0.06249999999999994,0.4666666666666667,Neutro,"filhos, bob, dylan, "
Máquina II,0,ê mê e  m e  m  e  a  m  a q     u  i  q  u   i e  n  e  a  n  a  e  m  a  a  m  a q     u  i  q  u  i e  n e  a   n  a   e  m  e  a  m  a q     u  i  q  u  i e  n  e  a  n  a e  m  e  a  m  a q     u  i  q  u   i             n  a             n  a             n  a             n  a             n  a             n  a máquina  máquina   máquina  máquina máquina  máquina máquina  máquina máquina  máquina máquina  máquina máquina  máquina máquina  máquina m     a  m     a máquina  máquina máquina  máquina máquina  máquina máquina  máquina máquina  máquina na   na  na   na ,573,0.0,0.0,Neutro,"máquina, n, q, "
Medo de Avião,0,"Foi por medo de avião Que eu segurei Pela primeira vez a tua mão Um gole de conhaque Aquele toque em teu cetim Que coisa adolescente James Dean  Foi por medo de avião Que eu segurei Pela primeira vez a tua mão Não fico mais nervoso Você já não grita E a aeromoça, sexy Fica mais bonita Foi por medo de avião Que eu segurei Pela primeira vez a tua mão Agora ficou fácil Todo mundo compreende Aquele toque Beatle I wanna hold your hand Agora ficou fácil Todo mundo compreende Aquele toque Beatle I wanna hold your hand Aquele toque Beatle I wanna hold your hand Yeh, yeh, yeh! Yeh, yeh, yeh! Yeh, yeh, yeh! Yeeeh! ",612,0.38333333333333336,0.5238095238095238,Positivo,"yeh, toque, medo, "
Meu Cordial Brasileiro,0,"Meu cordial brasileiro (um sujeito) Me conta o quanto é contente e quente Sorri de dente de fora, no leito Sulamericanamente  O Senhor não me perdoa Eu não entrar numa boa e Perder sempre a esportiva Frente a esta gente indecente Que come, drome e consente Que cala, logo está viva Também estou vivo, eu sei Mas porque posso sangrar E mesmo vendo que é escuro Dizer que o Sol vai brilhar Com/contra quem me dá duro Com o dedo na cara,  Me mandando calar Menina, ainda tenho um cigarro, mas eu posso lhe dar Menina, a grama está sempre verde, mas eu quero pisar Menina, a Estrela do Norte não saiu do lugar Menina, asa branca, assum preto, sertão não virou mar Menina, o show já começou, é bom não se atrasar Menina, é proibida a entrada, mas eu quero falar Com/contra quem me dá duro Com o dedo na cara Me mandando calar Que o pecado nativo É simplesmente estar vivo É querer respirar ",885,0.11944444444444445,0.4013227513227513,Neutro,"menina, sempre, vivo, "
Meu Nome é Cem,0,"Meu nome é legião Não sou só um Sou um cidadão comum Meu nome é cem É claro, ainda é noite A força eu falo, tudo bem O pobre dorme na calçada E dizem que é madrugada e o sol já vem O amigo que saiu pra ver a lua Jaz anônimo na rua, foi fatal Na tarde que foi sempre minha amiga A lei dos homens nos obriga A ser normal E como vivo comovido Dizem que sou um bandido marginal O parque está tranquilo, mas deserto Pois, os homens estão perto Eu cantei Por mais que você diga que é sublime Falar de amor é crime Ô baby, eu sei Todo esse sangue não é nada É a cor da madrugada contra a lei  ",586,0.054545454545454536,0.4729166666666667,Neutro,"nome, dizem, madrugada, "
Monólogo das Grandezas do Brasil,0,"Todo mundo sabe/todo mundo vê Que tenho sido amigo da ralé da minha rua Que bebe pra esquecer que a gente É fraca É pobre É víl Que dorme sob as luzes da avenida É humilhada e ofendida pelas grandezas do brasil Que joga uma miséria na esportiva Só pensando em voltar viva Pro sertão de onde saiu  Todo mundo sabe (principalmente o bom deus, que tudo vê) Que os homens vão dizer que a vida é dura e incompleta Pra quem não fez a guerra e não quer vestibular Pra quem tem a carteira de terceira Pra quem não fez o serviço militar Pra quem amassa o pão da poesia Na limpeza e na alegria Contra o lixo nuclear. Como uma metrópole, O meu coração não pode parar Mas também não pode sangrar eternamente Ta faltando emprego Neste meu lugar Eu não tenho sossego Eu quero trabalhar Já pensei até em passar a fronteira. - eu vou pra São Paulo e Rio (Eldorados da além-mar) A estrada é uma estrela pra quem vai andar. Oh! Não! Oh! Não! Ai! Ai! Que bom que é A lua branca, um cristão andando a pé! Ai! ai! que bom, que bom se eu for Pés no riacho, água fresca, nosso senhor! Vou voltar pro norte/ semana que vem Deus já me deu sorte/ mas tem um porém Não me deu a grana/ pra eu pagar o trem. ",1179,0.09186283580043858,0.3587719298245614,Neutro,"bom, ai, mundo, "
Mote e Glosa,0,é o novo é o novo é o novo é o novo é o novo é o novo  é o novo é o novo é o novo é o novo é o novo é o novo é o novo é o novo é o novo é o novo é o novo é o novo é o novo é o novo é o novo é o novo é o novo é o novo  passarim no ninho (tudo envelheceu) cobra no buraco (palavra morreu)  você que é muito vivo me diga qual é o novo me diga qual é o novo me diga qual é o novo novo novo novo me diga qual é o novo me diga qual é me diga qual é o novo me diga qual é  me diga qual é o novo me diga qual é ,503,0.12900826446280986,0.4548760330578513,Neutro,"novo, diga, passarim, "
Mucuripe,0,"As velas do Mucuripe Vão sair para pescar Vou mandar as minhas mágoas Pras águas fundas do mar  Hoje à noite namorar Sem ter medo da saudade Sem vontade de casar As velas do Mucuripe Vão sair para pescar Vou mandar as minhas mágoas Pras águas fundas do mar Hoje à noite namorar Sem ter medo da saudade Sem vontade de casar Calça nova de riscado Paletó de linho branco Que até o mês passado Lá no campo inda era flor Sob o meu chapéu quebrado Um sorriso ingênuo e franco De um rapaz novo encantado Com vinte anos de amor Aquela estrela é dela Vida, vento, vela, leva-me daqui Aquela estrela é dela Vida, vento, vela, leva-me daqui As velas do Mucuripe Vão sair para pescar Vou levar as minhas mágoas Pras águas fundas do mar Hoje à noite namorar Sem ter medo da saudade Sem vontade de casar Calça nova de riscado Paletó de linho branco Que até o mês passado Lá no campo inda era flor Sob o meu chapéu quebrado Um sorriso ingênuo e franco De um rapaz moço encantado Com vinte anos de amor Aquela estrela é dela Vida, vento, vela, leva-me daqui Aquela estrela é dela Vida, vento, vela, leva-me daqui ",1097,0.023863636363636368,0.4517676767676768,Neutro,"estrela, vida, vento, "
Na Hora do Almoço,1,"No centro da sala, diante da mesa No fundo do prato, comida e tristeza A gente se olha, se toca e se cala E se desentende no instante em que fala  Medo, medo, medo, medo, medo, medo Cada um guarda mais o seu segredo A sua mão fechada, a sua boca aberta O seu peito deserto, sua mão parada Lacrada e selada E molhada de medo Pai na cabeceira: É hora do almoço Minha mãe me chama: É hora do almoço Minha irmã mais nova, negra cabeleira Minha avó me reclama: É hora do almoço! Ei, moço! E eu inda sou bem moço pra tanta tristeza Deixemos de coisas, cuidemos da vida Senão chega a morte ou coisa parecida E nos arrasta moço sem ter visto a vida Ou coisa parecida, ou coisa parecida Ou coisa parecida, aparecida Ou coisa parecida, ou coisa parecida Ou coisa parecida, aparecida ",773,-0.01590909090909091,0.40681818181818186,Neutro,"medo, coisa, parecida, "
Nada Como Viver,0,"Nada Nada como viver Nada como viver de repente Nada, nada, nada, nada! Nada como viver Nada como viver de repente  Alegria é uma beleza Com certeza eu viveria Nessa cor que a moça usa Além da blusa Eu quero viver Amar, prazer, por que não dizer O palavrão, a palavra, tentação Amar, prazer, por que não dizer O palavrão, a palavra, coração Nada, nada como viver Nada como viver de repente Nada, nada, nada, nada Nada como viver Comover é comover Nada como viver de repente Quando a vida acontecer Tão bonita mocidade A palavra independente O corpo que sente Sabe fazer Amar, prazer, por que não dizer O palavrão, a palavra, sensação Amar, prazer, por que não dizer O palavrão, a palavra, sem o senão Nada Nada como viver Nada como viver de repente Nada, nada, nada nada Nada como viver Nada como te ver tão contente ",817,0.2595693779904306,0.5673976608187135,Positivo,"nada, viver, repente, "
Não Leve Flores,0,"Não cante vitória muito cedo, não Nem leve flores para a cova do inimigo Que as lágrimas do jovem São fortes como um segredo Podem fazer renascer um mal antigo  Tudo poderia ter mudado, sim Pelo trabalho que fizemos - tu e eu Mas o dinheiro é cruel E um vento forte levou os amigos Para longe das conversas, dos cafés e dos abrigos E nossa esperança de jovens não aconteceu, não, não Palavra e som são meus caminhos pra ser livre E eu sigo, sim Faço o destino com o suor de minha mão Bebi, conversei com os amigos ao redor de minha mesa E não deixei meu cigarro se apagar pela tristeza Sempre é dia de ironia no meu coração Tenho falado à minha garota Meu bem, difícil é saber o que acontecerá Mas eu agradeço ao tempo O inimigo eu já conheço Sei seu nome, sei seu rosto, residência e endereço A voz resiste. A fala insiste: Você me ouvirá A voz resiste. A fala insiste: Quem viver verá ",887,-0.08249999999999999,0.6508333333333334,Neutro,"inimigo, sim, amigos, "
No Maior Jazz,0,"Guerra, Guerra sem paz! E que se fez da terra, Mãe dos mortais? Certo, A vida é demais! Mas sem nós, feita um deserto, Com quem rolarás, oh terra?  Esses senhores se sentam à mesa Decidem por nós... Negociações... Estúpidos e idiotas da política! Dólares, tanques e mísseis Meu coração tropical não agüenta E o Cruzeiro do Sul, que não nos orienta? Certo, Há que ter gás Mas no dom de viver perto Dos animais. Terra! Oh! Como me atrais! Ah! Traz para ti quem erra No maior jazz! ",479,0.13665054563492066,0.603968253968254,Neutro,"terra, guerra, certo, "
Notícia de Terra Civilizada,0,"Era uma vez um cara do interior Que vida boa, água fresca e tudo mais Rádio e notícia de terra civilizada Entram no ar da passarada E adeus paz  Agora é vencer na vida O bilhete só de ida Da fazenda pro mundão Seguir sem mulher nem filho Oh! Brilho cruel dos trilho Do trem que sai do sertão Acreditou no sonho Da cidade grande E enfim se mandou um dia E vindo viu e perdeu Indo parar, que desgraça! Na delegacia Lido e corrido relembra Um ditado esquecido ""Antes de tudo um forte!"" Com fé em Deus um dia Ganha a loteria Pra voltar pro Norte ",542,0.25125000000000003,0.5233333333333333,Positivo,"vida, tudo, pro, "
Num País Feliz,0,"Ainda não se ouvia o ai do sabiá E nem Jaci    sabia que ele assobiava lá O índio ia indo, inocente e nu E no cauim ninguém sentia a essência do caju Não navegavam naus abaixo do equador Aqui sem sonhos maus, não há anhanguá, nem cruz nem dor E o índio ia indo, inocente e nu Sem rei, sem lei, sem mais, ao som do sol e do uirapuru Não navegavam naus abaixo do equador E à terra chã, tupã descia sem pam de tambor Ainda não se ouvia o dó das juritis E eu já sonhava com a cor e o tom de algum paí Num país feliz  ",513,0.16620370370370371,0.4712962962962963,Neutro,"ainda, ouvia, índio, "
Objeto Direto,0,"Eu quero meu corpo bem livro do peso inútil da alma Quero a violência calma de humanamente amar Eu quero quebrar o quebranto do permitido e do proibido E nego o que nega os sentidos direito e dom de gozar A verdade está no vinho ""In vino veritas"" Que me faz gauche, anjo torto Que retempera o meu corpo nos pecados capitais Pois a pedra no sapato de quem vive em linha reta É a sentença concreta Viver e brincar e pensar tanto faz Substantivo comum um infinito presente Este, objeto direto, reto, repleto, completo Presente, infinitamente  ",540,0.09480519480519482,0.42571428571428577,Neutro,"quero, corpo, faz, "
Ondas Tropicais,0,"Serviço de alto falante ``voz de cristal`` e ``bom som``! paisagem tango bolero, cafona como `eu te quero`` sonho de valsa e bombom.  Na província...Hollywood! eu era um brando farsante. na luz azul do cinema piscava o olho- um poema! a princesa do elefante.  Como e um objeto não identificado descia sobre mim aquele feixe de luz. outra via - lacta, escada de prata... e eu, o rei da emoção barata, subia a Capital Mondrians, jazz, boggie- booggie, blues. Brasil, mulato inzoneiro, Brasil, mulato inzoneiro, bandeiras de São ( Volpi) João! no televisor ligado videotexto grafitado ai, coração e o sertão...  ",609,0.31979166666666664,0.5875,Positivo,"``, luz, brasil, "
Onde Jazz Meu Coração?,0,"Ei, senhor meu rei do tamborim, do ganzá Cante um cantar, forme um repente pra mim Aqui, nordeste, um país de esquecidos, humilhados Ofendidos e sem direito ao porvir Aqui, nordeste, sul-américa do sono No reino do abandono, não há lugar pra onde ir  De nashville pro sertão (se engane, não) Tem meu irmão, fora da lei, muito baião E, em new orleans, bandos de negros afins Tocam em bandas, banjos, bandolins Onde ""jazz"" meu coração Ei, senhor meu rei do tamborim, do ganzá Cante um cantar, forme um repente pra mim Aqui, nordeste, um país de esquecidos, humilhados Ofendidos e sem direito ao porvir Aqui, nordeste, sul-américa do sono No reino do abandono, não há lugar pra onde ir Em mim, desse canto daqui, lugar comum Como no assum, azul de preto O canto e que faz cantar Cresce e aparece em minha vida, e eu me renovo No canto, o pio do povo. Pio, é preciso piar E a minha voz, rara taquara rachada Vem soul blues, do pó da estrada E canta o que a vida convém Vem direitinha, da garganta desbocada Mastigando inham, inham Cheinha de nhem-nhem-nhem Ei, senhor meu rei do tamborim, do ganzá Cante um cantar, forme um repente pra mim Aqui, nordeste, um país de esquecidos, humilhados Ofendidos e sem direito ao porvir Aqui, nordeste, sul-américa do sono No reino do abandono, não há lugar pra onde ir ",1303,0.06705318491032777,0.4867192331478046,Neutro,"aqui, nordeste, cantar, "
Os Derradeiros Moicanos,0,"Nós somos uns pobres diabos sul-americanos, ô, ô, ô, ô Os derradeiros moicanos, ô, ô, ô  Perís, cecis, guaranis - um glamour de índios de Chateubriand Tambores tão bons, uns quantos radares, antenas de raça tantã Voz de palmas: palmeiras, batidas! Dançar ao som de uma só mão Pra nós da geral - macacos geniais! - fora do carnaval não há salvação Lá em são luís, cristão infeliz, o bom selvagem aprende francês Pra ler (e escrever!) o poema do Brasil no original, pela primeira vez! E nesses brasis - um paris tropical - Henri salvador de Martinique! Dans l'esprit de la danse une chance! Vive la France antarctique! Uns brancos de alma negra... des masques cubistes, africaines, decor... Uns pretos no branco e uns brancos no preto - americanamente bicor Uns barrocos, baianos do sul, com tudo sutil e sensual: De terno de linho, chapéu de palhinha - belos como Dorival Verão (do verbo ver) o verão (estação) que, quem vier, viverá Dans les tristes tropiques, dans les beaux pays de lá bás E nesses brasis - um paris tropical - le maracatu atomique Dans l'esprit de la danse une chance! Vive la France antarctique! Alavantú, nossa gangue, a quadrilha do sangue danse lá en arrière Que sonhamos, nos campos, Duchamp, Picasso e Rimbaudelaire Canibales tropicales en parade autour de la tour Eiffel Dans mon ile - tabaco de cuba pour messieur le colonel Domingos, Sivuca, Gonzaga no acordeón, nossos clochards Brilhe o belga Jacques Brel, já que bel nisso não é de brilhar. E nesses brasis - um paris tropical! tous les voix de l'afrique! Dans l'esprit de la danse une chance! Vive la France antarctique! ",1603,0.15791957214187327,0.3795454545454545,Neutro,"dans, danse, nesses, "
Os Profissionais,0,"Onde anda o tipo afoito Que em 1-9-6-8 Queria tomar o poder? Hoje, rei da vaselina, Correu de carrão pra China, Só toma mesmo aspirina E já não quer nem saber.  Flower power! Que conquista! Mas eis que chegou o florista Cobrou a conta e sumiu Amor, coisa de amadores Vou seguir-te aonde f(l)ores! Vamos lá, ex-sonhadores, À mamãe que nos pariu! Oh! L'age d'or de ma jeunesse! Rimbaud, ""par delicatesse J'ai perdu (também!) ma vie!"" (Se há vida neste buraco Tropical, que enche o saco Ao ser tão vil, tão servil!) E então? Vencemos o crime? Já ninguém mais nos oprime Pastores, pais, lei e algoz? Que bom voltar pra família! Viver a vidinha à pilha! Yuppies sabor baunilha Era uma vez todos nós! Dancei no pó dessa estrada... Mas viva a rapaziada Que berrava: ""Amor e Paz!"" Perdão, que perdi o pique... Mas se a vida é um piquenique Basta o herói de butique Dos chiques profissionais. I have a dream... My dream is over! (Guerrilla de latin lover!) Mire-se o dólar que faz sol Esplim, susexo e poder, Vim de banda e podes crer: ""Muito jovem pra morrer E velho pro rock 'n' roll!"" ",1079,0.19816711523126,0.4587719298245613,Neutro,"``, '', poder, "
Paraíso,0,"Amo tua voz e tua cor E teu jeito de fazer amor Revirando os olhos e o tapete Suspirando em falsete Coisas que eu nem sei contar Ser feliz é tudo que se quer  Ah! Esse maldito fecho éclair De repente a gente rasga a roupa E uma febre muito louca Faz o corpo arrepiar Depois do terceiro ou quarto copo Tudo que vier eu topo Tudo que vier, vem bem Quando bebo perco o juízo Não me responsabilizo Nem por mim, nem por ninguém Não quero ficar na tua vida Como uma paixão mal resolvida Dessas que a gente tem ciúme E se encharca de perfume Faz que tenta se matar Vou ficar até o fim do dia Decorando tua geografia E essa aventura em carne e osso Deixa marcas no pescoço Faz a gente levitar Tens um não sei que de paraíso E o corpo mais preciso Do que o mais lindo dos mortais Tens uma beleza infinita E a boca mais bonita Que a minha já tocou ",838,0.33714285714285713,0.5988095238095238,Positivo,"tudo, gente, faz, "
Paraíso (1982),0,"Graças a Deus, eu perco sempre o juízo Meu paraíso é a palavra paraíso, é lá Toda maneira (nova) de virar a mesa Qualquer beleza é inventar, é o que ainda não há  Por isso Dá-lhe, fale que só vale ser, dance comigo! Venha no trem que sai de dentro E vai pro exterior Por isso Dá-lhe, fale que só vale ser, dance comigo! Guarde seu corpo na alegria e no bom humor Palavra, tão amiga minha E de si mesma Tão vizinha da palavra amor ",430,0.3623737373737374,0.5060606060606061,Positivo,"palavra, paraíso, dá-lhe, "
Paralelas,1,"Dentro do carro Sobre o trevo A cem por hora, ó meu amor Só tens agora os carinhos do motor  E no escritório em que eu trabalho e fico rico, quanto mais eu multiplico Diminui o meu amor Em cada luz de mercúrio vejo a luz do teu olhar Passas praças, viadutos Nem te lembras de voltar, de voltar, de voltar No Corcovado, quem abre os braços sou eu Copacabana, esta semana, o mar sou eu Como é perversa a juventude do meu coração Que só entende o que é cruel, o que é paixão E as paralelas dos pneus n'água das ruas São duas estradas nuas Em que foges do que é teu No apartamento, oitavo andar Abro a vidraça e grito, grito quando o carro passa Teu infinito sou eu, sou eu, sou eu, sou eu ",686,0.04218749999999999,0.546875,Neutro,"voltar, carro, amor, "
Pequeno Mapa do Tempo,1,"Eu tenho medo e medo está por fora O medo anda por dentro do teu coração Eu tenho medo de que chegue a hora Em que eu precise entrar no avião  Eu tenho medo de abrir a porta Que dá pro sertão da minha solidão Apertar o botão: cidade morta Placa torta indicando a contramão Faca de ponta e meu punhal que corta E o fantasma escondido no porão Medo, medo. medo, medo, medo, medo Eu tenho medo que Belo Horizonte Eu tenho medo que Minas Gerais Eu tenho medo que Natal, Vitória Eu tenho medo Goiânia, Goiás Eu tenho medo Salvador, Bahia Eu tenho medo Belém, Belém do Pará Eu tenho medo pai, filho, Espírito Santo, São Paulo Eu tenho medo eu tenho C eu digo A Eu tenho medo um Rio, um Porto Alegre, um Recife Eu tenho medo Paraíba, medo Paranapá Eu tenho medo Estrela do Norte, paixão, morte é certeza Medo Fortaleza, medo Ceará Medo, medo. medo, medo, medo, medo Eu tenho medo e já aconteceu Eu tenho medo e inda está por vir Morre o meu medo e isto não é segredo Eu mando buscar outro lá no Piauí Medo, o meu boi morreu, o que será de mim? Manda buscar outro, maninha, no Piauí ",1075,-0.4217948717948717,0.772008547008547,Negativo,"medo, belém, buscar, "
Pequeno Perfil de Um Cidadão Comum,1,"Era um cidadão comum como esses que se vê na rua Falava de negócios, ria, via show de mulher nua Vivia o dia e não o sol, a noite e não a lua Acordava sempre cedo (era um passarinho urbano) Embarcava no metrô, o nosso metropolitano... Era um homem de bons modos: ""Com licença; - Foi engano"" Era feito aquela gente honesta, boa e comovida Que caminha para a morte pensando em vencer na vida Era feito aquela gente honesta, boa e comovida Que tem no fim da tarde a sensação Da missão cumprida Acreditava em Deus e em outras coisas invisíveis Dizia sempre sim aos seus senhores infalíveis Pois é; tendo dinheiro não há coisas impossíveis Mas o anjo do Senhor (de quem nos fala o Livro Santo) Desceu do céu pra uma cerveja, junto dele, no seu canto E a morte o carregou, feito um pacote, no seu manto Que a terra lhe seja leve  ",824,0.2933006535947712,0.517483660130719,Positivo,"feito, sempre, gente, "
Ploft,0,"O nordeste, sentado na esquina do mapa Olividado de los Reyes del mundo en un siglo de luce Se mira no Atlântico: Américas, Áfricas Índios, pobres e jovens, tudo um negro blues  A dor do Nordeste, a cor do Nordeste Deste e daqueloutro que homem não vê Las venas abiertas de Latino-América: Mil poetas, primatas que abraçam o E.T. A anarquia de corpo, paixão dia a dia: sensualidade E a folia do povo na democracia: feli(z)cidade O prazer e o trabalho que a mulher pedia: liberdade Toda a mocidade em radioatividade: louçania Sob o sol das estrelas tudo é novidade: alquimia Ah! meu Deus, se eu pudesse cantar de verdade, dançaria Sensualidade Louçania Feli(z) cidade Alquimia Liberdade Utopia ",693,-0.01924242424242425,0.4175757575757576,Neutro,"nordeste, tudo, dia, "
Populus,0,"Populus, meu cão... O escravo, indiferente, que trabalha e, por presente, tem migalhas sobre o chão. Populus, meu cão.  Primeiro, foi seu pai, segundo, seu irmão; terceiro, agora, é ele... agora é ele, de geração, em geração, em geração. No congresso do medo internacional ouvi o segredo do enredo final sobre Populus, meu cão: documento oficial, em testamento especial, sobre a morte, sem razão de Populus, meu cão. Populus, Populus, Populus, meu chão. Delírios sanguíneos espumas nos teus lábios... Tudo em vão. Tenho medo de Populus, meu cão, roto no esgoto do porão. Seu olhar de quase gente, as fileiras dos seus dentes... Trago o rosto marcado e eles me conhecerão, me conhecerão. Populus, Populus, Populus, meu cão ",722,-0.08928571428571427,0.4404761904761904,Neutro,"populus, cão, sobre, "
Princesa do Meu Lugar,0,"Se me der vontade de ir embora, Vida adentro, mundo a fora Meu amor, não vá chorar Ao ver, que o cajueiro anda florando Saiba que estarei voltando, princesa do meu lugar  Se me der vontade de ir embora, Vida adentro, mundo a fora Meu amor, não vá chorar Ao ver, que o cajueiro anda florando Saiba que estarei voltando, princesa do meu lugar A terra toda é uma ilha Se eu ligo, meu radinho de pilha Terás notícias de mim entre as carnaubeiras Meu amor é um passarinho Pode fugir da tua mão, Não dances, não dances pelo caminho Ou não vou-me embora não Não há pranto que apague Dos meus olhos o clarão Nem metrópole onde eu não veja O luar, o luar do sertão! ",657,0.1375,0.43333333333333335,Neutro,"embora, amor, der, "
Quinhentos Anos de Quê?,0,"Eram três as caravelas Que chegaram d'alem mar E a terra chamou-se América Por ventura? Por azar?  Não sabia o que fazia, não D. Cristóvão, capitão Trazia, em vão, Cristo no nome E, em nome dele, o canhão Pois vindo a mando do senhor E d'outros reis que, juntos Reinam mais Bombas, velas não são asas Brancas da pomba da paz Eram só três caravelas E valeram mais que um mar Quanto aos índios que mataram Ah! Ninguém pôde contar Quando esses homem fizeram O mundo novo e bem maior Por onde andavam nossos deuses Com seus andes, seu condor? Que tal a civilização Cristã e ocidental Deploro esta herança na língua Que me deram eles, afinal Diz, América que es nossa Só porque hoje assim se crê Há motivos para festa? Quinhentos anos de que? ",738,0.05103305785123968,0.4026859504132232,Neutro,"três, caravelas, mar, "
Recitanda,0,"Graças a deus Eu perco sempre o juízo No lance de dez No acaso do sucesso  O paraíso é a palavra O país é lá Mensagem de amor A votação no congresso Vem viver comigo Vem correr perigo Vem, meu bem, meu bem Que outros cantores chamam ""baby"" Esse jeito de deixar sempre de lado a certeza Sem deixar o meu cigarro se apagar pela tristeza É proibida a entrada, mas ainda quero falar: Viver é melhor que sonhar Vejo vir vindo no vento o cheiro da nova estação Sinto tudo na ferida viva do meu coração Olha, o show já começou, é bom não se atrasar Viver é melhor que sonhar ",568,0.2347727272727273,0.4129545454545455,Positivo,"vem, viver, sempre, "
Retórica Sentimental,0,"Moro num lugar comum, perto daqui, chamado Brasil. Feito de três raças tristes, folhas verdes de tabaco e o guaraná guarani. Alegria, namorados, alegria de Ceci. Manequins emocionadas: - são touradas de Madrid ...que em matéria de palmeira ainda tem o buriti perdido. Símbolo de nossa adolescência,  signo de nossa inocência índia, sangue tupi. E por falar no sabiá, o poeta Gonçalves Dias é que sabia... Sabe lá se não queria uma Europa bananeira. - Diga lá, tristes trópicos,  sabiá laranjeiras. Aliás, meu camarada, o cantor popular falou divinamente: Deus é uma coisa brasileira, nordestinamente paciente. Oh! blood moon.  ",627,0.16863636363636364,0.5700000000000001,Neutro,"tristes, alegria, sabiá, "
Rock Romance de Um Robô Goliardo,0,"Alô rapaziada! Alô gente fina! Alô moçada! Eu sei que vocês estão com a vida que pediram a Deus E ele deu Muito que bem! Por isso espero tudo de vocês Mas não confiem em mim: Eu não existo! Sou apenas um personagem que diz isto E não me chame irresponsável Para que levar a vida assim tão a serio? Afinal, a vida é mesmo uma aventura da qual não sairemos vivos Ah! Tudo já é outra viagem! Abra com meu velho canivete seu jovem coração de lata Entre no barco eletrônico da emoção barata Vamos, na crista da onda Dar um balanço cibernético nas horas! Pulsars, quasars, buracos negros, astros, guerra e paz Amor nas super-estrelas Robô goliardo deste tempo Narro a minha vida começando pelo fim É bem melhor assim Vou contar pra vocês a vida que eu inventei pra mim   O som do alto-falante rolava e me dava um toque E chuck berry, berrando Em sua guitarra era um choque Cometas halley passando Astros no pó de woodstock, cabeças, pedras rolantes Jim, jimi, john, janis joplin E a moçada do subúrbio Cinemas, topetes, motos (Rock 'n roll) E digo mais: Até parece que foi ontem! Tinha roubado o carro do meu pai Brigado com o cara do bairro vizinho por causa de uma garota Estava saindo do chuveiro Novinho em folha, um artista diante do espelho! Pondo brilhantina no cabelo E mercúrio cromo num corte de gilete do meu rosto Vesti o blusão de couro, liguei a motocicleta Queria sair voando pra pegar meu broto... Entrar na sessão das cinco Tomar um sorvete lá na lanchonete Dar um rolê por aí Ia pondo o pé na rua quando a minha velha saltou de lá Muito cheia de si, me chamando: Playboy! Rebelde! Transviado! Como se fosse dona do mundo. E foi logo dizendo -Pra você ver a vida como é! -A gente cria um bicho desses -Educa, dá do bom e do melhor -Casa e comida, roupa lavada, amor, carinho, mesada -E esse aventureiro termina deixando a escola! -Fugindo de casa! Maldizendo a família! -Querendo ser cantor de rock! Caí na estrada tirana A juventude é um dom Garotas, sonhos, mil transas, como dar bandeira é bom! Olhando a cidade grande,cheia de fúria e de som Querendo ser uma estrela, de sexo, laser e neon Cidade grande é uma droga mas o rock dá o tom Qual é o preço de um homem? E eu? Pago quanto para ser feliz? Cidade morena boca de ouro de tolo Luminosos, fliperamas, ondas hertezianas Mil escrituras, canções, outros sons! Vídeogames, quadrinhos, novelas, televisão Informática, cibernética, política, eletrônica, acústica Grandes populações, revoluções Que destino s.a, indústria de lixo limitada e a dar Sociedade anônima Assaltantes, abandonados, bêbados, índios, nordestinos, retirantes, prostitutas, pivetes Punks, pobres, suicidas, solitários De onde eles vêm? Viciados, velhos, vagabundos Sacos de plástico, latas amassadas Copos de papel esquecidos no estádio Depois dos jogos e das feras Miseráveis! Sempre sem pão e daqui a pouco sem circo Coisa ante cuja visão dá vontade de morrer E a glória? E a honra de seres humanos que Deus criou E pôs um pouquinho só abaixo de seus anjos? Mas esses senhores não querem nada! Não querem perder tempo Com essa porcaria que se chama gente! Eu não sou cachorro não Pra viver assim tão humilhado  São mil milhões de habitantes deste parque industrial: Negros, mulheres, menores, filhos da crise geral Iguais pela mesma bomba que vai cair no quintal Ídolo e Deus dos esgotos a musa urbana me fez. Meu sucesso é saber disso e bater tudo pra vocês (Rock rock rock rock rock 'n roll) É isso aí, rapaziada! É isso aí, gente fina! Talvez a gente pudesse dizer adeus de outro jeito Mas eu sou um antropófago urbano Um canibal delicado na selva da cidade Mais dia menos dia... Eu como você. E você como eu! Ora, ora! Sempre houve um lugarzinho a mais para alguém Debaixo dos meus lençóis (Rock rock rock rock rock 'n roll) ",3766,0.1067381403318903,0.44514718614718624,Neutro,"rock, vida, gente, "
S.A.,0,"Assaltantes, bêbados, índios Nordestinos retirantes Prostitutas, pivetes punks Suicidas solitários De onde eles vem? Viciados velhos vagabundos De onde eles vem? Viciados velhos vagabundos De onde eles vem? Sacos de plásticos, latas amassadas, copos de papel Esquecidos no estádio depois do jogo e das feras Miseráveis sempre sem pão, e daqui a pouco sem circo Coisa cuja visão da vontade de morrer E a gloria? E a gloria? E a gloria? Ahh E a honra dos seres humanos que Deus criou E pôs um pouquinho só abaixo dos seus anjos Mas esses senhores não querem nada Não querem perder tempo Com essa porcaria que se chama gente Mas esses senhores não querem nada Não querem perder tempo Com essa porcaria que se chama gente Eu não sou cachorro não Pra viver tão humilhado  ",767,-0.2319214876033058,0.4,Negativo,"querem, onde, vem, "
Se Você Tivesse Aparecido,0,"Se você tivesse aparecido em minha adolescência,  canção blake de inocência amor, quem não teria ido e vivido com Byron, o bardo da gangue do ``le me perish young``  Se você tivesse aparecido esta  droga de  existência se mudaria em viver eu coração (traído) bandido,  canção blake de experiência revelaria seu ser.  Leste de Éden violência e abandono. Vinhas de ira...Ah! Quanto suicídio garotos no esgoto...São ratos? São homens suave e a noite? Seremos vencidos? Oh! Cara  onde o galo  canta ai janta e assim yeah! yeah!yeah! yeah! Pegar carona nesta decadência e o fim como pode acontecer?  ",595,0.26728515625,0.3875,Positivo,"aparecido, canção, blake, "
Seixo Rolado,0,"Tudo o que tenho é meu corpo Sou o que tenho e te dou  Com um corpo como o teu Não precisas nem de alma Sente a minha violência Como uma essência de calma Anjos, se houvesse anjos Claro, seriam como tu No corpo, rosa dos ventos Tudo é norte, tudo é sul Se oriente, se ocidente Toda cor corre pro azul Não nada como o nada que é o eu Indescritível nu Sou um seixo rolado Na estrada do lado De lá do sertão E ser tão humilhado É sinal de que o diabo É que amassa o meu pão Mas meu corpo é discente E, civilizada a mente Gosta, cheira, toca, ouve e vê E, com amor e anarquia Goza que enrosca e arrepia Roquerolando em você Be-bopeando em você Calipsando em você Merenguendo em você Bluesbusando em você Um boogie-woogie em você Tango um bolero em você Chorando em você ",766,0.2285714285714286,0.6142857142857142,Positivo,"corpo, tudo, anjos, "
Senhoras do Amazonas,0,"Rio, vim saber de ti e vi. Vi teu tropical sem fim Quadrou de ser um mar. Longe anhangá! Tantas cunhãs e eu curumim! O uirapuru (Oh! Lua azul!) Cantou pra mim! Rio, vim saber de ti, meu mar Negro maracá jarí Pará, paris jardim Muiraquitãs, Tantas manhãs - nós no capim! Jurupari (Oh! Deus daqui!) Jurou assim: - Porque fugir se enfim me queres! Só me feriu como me feres A mais civilizada das mulheres! Senhoras do amazonas que sois Donas dos homens e das setas, Porque já não amais vossos poetas?  ",499,0.28958333333333336,0.5349999999999999,Positivo,"rio, vim, saber, "
Sensual,0,"Quando eu cantar quero ficar molhado de suor. E por favor não vá pensar que é só a luz do refletor. Será minha alma que sua sob um sol negro de dor; outro corpo, a pele nua, carne, músculo e suor. Como um cão que uiva pra lua contra seu dono e feitor; uma fera-animal ferido no dia do caçador; humaníssimo gemido raro e comum como o amor.  Quando eu cantar quero lhe deixar molhada em bom humor. E por favor não vá pensar que é só a noite ou o calor Quero ver você ser inteiramente tocada pelo licor da saliva, a língua, o beijo, a palavra. Minha voz quer ser um dedo na tua chaga sagrada. Uma frase feita de espinho, espora em teus membros cansados: sensual como o espírito ou como o verbo encarnado ",701,0.08333333333333331,0.476025641025641,Neutro,"quero, cantar, suor, "
Sujeito de Sorte,1,"Presentemente eu posso me considerar um sujeito de sorte Porque apesar de muito moço, me sinto são e salvo e forte E tenho comigo pensado, Deus é brasileiro e anda do meu lado E assim já não posso sofrer no ano passado  Tenho sangrado demais, tenho chorado pra cachorro Ano passado eu morri, mas esse ano eu não morro Tenho sangrado demais, tenho chorado pra cachorro Ano passado eu morri, mas esse ano eu não morro Ano passado eu morri, mas esse ano eu não morro Ano passado eu morri, mas esse ano eu não morro Presentemente eu posso me considerar um sujeito de sorte Porque apesar de muito moço, me sinto são e salvo e forte E tenho comigo pensado, Deus é brasileiro e anda do meu lado E assim já não posso sofrer no ano passado Tenho sangrado demais, tenho chorado pra cachorro Ano passado eu morri, mas esse ano eu não morro Tenho sangrado demais, tenho chorado pra cachorro Ano passado eu morri, mas esse ano eu não morro Ano passado eu morri, mas esse ano eu não morro Ano passado eu morri, mas esse ano eu não morro Presentemente eu posso me considerar um sujeito de sorte Porque apesar de muito moço, me sinto são e salvo e forte E tenho comigo pensado, Deus é brasileiro e anda do meu lado E assim já não posso sofrer no ano passado Tenho sangrado demais, tenho chorado pra cachorro Ano passado eu morri, mas esse ano eu não morro Tenho sangrado demais, tenho chorado pra cachorro Ano passado eu morri, mas esse ano eu não morro Ano passado eu morri, mas esse ano eu não morro Ano passado eu morri, mas esse ano eu não morro ",1534,0.09976190476190476,0.3228571428571427,Neutro,"ano, passado, morri, "
Tambor Tantã,0,"Doutor em dor, bate o tambor, Tantã de tanto dar Quanto prazer, luz do calor! Mamãe, quero mamar! Graças a zeus tem gente assim! Comer, beber, dançar! E que dizer pra mister fim? - as águas vão rolar!  Segundo o primeiro terreiro, o terceiro mundo embanana, Imbalança....oh! lalá! Mas quando eu me chamar raimundo vou fundo e ...é fumo pra lá e pra cá Oh! adelita, amor civil, Quando a guerra acabar Explodirei, com mais de mil, Em um trem militar E quem vier a fim de mim Se ligue em meu canal! Em reggae, em rumba, em cuba, enfim Na américa central. Vocês, de lá da babilônia, não sentem vergonha de sonhar um sonho tão ex? Oh! tirem-me desta mentira, brilhantinamente sem vez! De bom tom dá pedal! Tudo som, tudo são tão legal! Um grau dez pelo dom da mulher E um bombom pro que der e vier! ",794,0.2795955882352941,0.3607843137254903,Positivo,"fim, vier, tão, "
Tocando Por Música,0,Aluguei minha canção Pra pagar meu aluguel E uma dona que me disse Que o dinheiro é um deus cruel  A minh'alma esteve a venda Como as outras do lugar Só que ninguém me comprou Pois só eu quis me pagar Os anos verdes são negros Como era verde o meu vale de lágrimas Hoje eu não toco por música Hoje eu toco por dinheiro Na emoção democrática De quem canta no chuveiro Faço arte pela arte Sem cansar minha beleza Assim quando eu vejo porcos Lanço logo as minhas pérolas Os anos verdes são negros Como era verde o meu vale de lágrimas ,532,-0.23703703703703705,0.5629629629629629,Negativo,"pagar, dinheiro, anos, "
Todo Sujo de Batom,1,"Eu estou muito cansado Do peso da minha cabeça Desses dez anos passados (presentes) Vividos entre o sonho e o som Eu estou muito cansado De não poder falar palavra Sobre essas coisas sem jeito Que eu trago em meu peito E que eu acho tão bom  Quero uma balada nova Falando de brotos, de coisas assim De money, de banho de lua, de ti e de mim Um cara tão sentimental Quero uma balada nova Falando de brotos, de coisas assim De money, de banho de lua, de ti e de mim Um cara tão sentimental Quero a sessão de cinema das cinco Pra beijar a menina e levar a saudade Na camisa toda suja de batom Quero a sessão de cinema das cinco Pra beijar a menina e levar a saudade Na camisa toda suja de batom ",692,-0.01848484848484849,0.5456060606060605,Neutro,"quero, coisas, tão, "
Tudo Outra Vez,1,"Há tempo, muito tempo Que eu estou Longe de casa E nessas ilhas Cheias de distância O meu blusão de couro Se estragou Oh! Oh! Oh!  Ouvi dizer num papo Da rapaziada Que aquele amigo Que embarcou comigo Cheio de esperança e fé Já se mandou Oh! Oh! Oh! Sentado à beira do caminho Pra pedir carona Tenho falado À mulher companheira Quem sabe lá no trópico A vida esteja a mil E um cara Que transava à noite No ""Danúbio azul"" Me disse que faz sol Na América do Sul E nossas irmãs nos esperam No coração do Brasil Minha rede branca Meu cachorro ligeiro Sertão, olha o Concorde Que vem vindo do estrangeiro O fim do termo Saudade Como o charme brasileiro De alguém sozinho a cismar Gente de minha rua Como eu andei distante Quando eu desapareci Ela arranjou um amante Minha normalista linda Ainda sou estudante Da vida que eu quero dar Até parece que foi ontem Minha mocidade Com diploma de sofrer De outra Universidade Minha fala nordestina Quero esquecer o francês E vou viver as coisas novas Que também são boas O amor, humor das praças Cheias de pessoas Agora eu quero tudo Tudo outra vez Minha rede branca Meu cachorro ligeiro Sertão, olha o Concorde Que vem vindo do estrangeiro O fim do termo Saudade Como o charme brasileiro De alguém sozinho a cismar Gente de minha rua Como eu andei distante Quando eu desapareci Ela arranjou um amante Minha normalista linda Ainda sou estudante Da vida que eu quero dar Hum! Huum! ",1418,0.22639283459595955,0.4650673400673401,Positivo,"quero, vida, tempo, "
Viva La Dolcezza,0,"Daqui da zona fantasma, te mando minha lagrima feminina de super- homem  Os bárbaros voltaram quem duvidara? Viva La dolcezza! E a grama que pisaram reverdecera? Viva La dolcezza! Já dei adeus as armas, quem me livrara? Viva La dolcezza! Se o resto e som e fúria, que se cantara? Viva La dolcezza!  ",299,0.0568181818181818,0.37222222222222223,Neutro,"viva, dolcezza, daqui, "
Voz da América,0,"El condor passa sobre os Andes E abre as asas sobre nós Na fúria das cidades grandes Eu quero abrir a minha voz Cantar, como quem usa a mão Para fazer um pão Colher alguma espiga Como quem diz no coração: Meu bem, não pense em paz Que deixa a alma antiga  Tentar o canto exato e novo Que a vida que nos deram nos ensina Pra ser cantado pelo povo Na América latina Eu quero que a minha voz Saia no rádio, pelo no alto falante Que Inês possa me ouvir, posta em sossego a sós Num quarto de pensão, beijando um estudante Quem vem de trabalhar bastante Escute e aprenda logo a usar toda essa dor Quem teve que partir para um país distante Não desespere da aurora, recupere o bom humor Ai! Solidão que dói dentro do carro Gente de bairro afastado Onde anda meu amor? Moça, murmure: ""Estou apaixonada"" E dance de rosto colado, sem nenhum pudor E à noite, quando em minha cama For deitar minha cabeça Eu quero ter daquela que me ama Um abraço que eu mereça Um beijo: O bem do corpo em paz Que faz com que tudo aconteça E o amor que traz a luz do dia E deixa que o sol apareça Sobre a América Sobre a América, sobre a América do sul ",1124,0.20728438228438228,0.42278554778554783,Positivo,"sobre, américa, quero, "
Ypê,0,"Contemplo o rio, que corre parado E a dançarina de pedra que evolui Completamente sem metas, sentado Não tenho sido e eu sou não serei nem fui A mente quer ser, mas querendo erra Pois só sem desejos é que se vive o agora Vede o pé de ypê, apenasmente flora Revolucionariamente Apenso ao pé da serra  Contemplo o rio, que corre parado E a dançarina de pedra que evolui Completamente sem metas, sentado Não tenho sido, eu sou não serei nem fui A gente quer ter, mas querendo era Pois só sem desejos é que se vive o agora Vede o pé de ypê, apenasmente flora Revolucionariamente Apenso ao pé da serra Vede o pé de ypê, apenasmente flora Revolucionariamente Apenso ao pé da serra ",675,0.05252525252525252,0.7555555555555555,Neutro,"pé, vede, ypê, "
